Temperature:,,,,,,,,,,,,,,,,,,,,,,,,,,,,,,,,,,,,,,,,,,,,,,,,,,,,,,,,,,,,,,,,,,,,,,,Graph,,,,,
I,J,K,Temperature Sensitivity Parameter,Total Factor Productivity Growth,Population Growth,V1,2010,2015,2020,2025,2030,2035,2040,2045,2050,2055,2060,2065,2070,2075,2080,2085,2090,2095,2100,2105,2110,2115,2120,2125,2130,2135,2140,2145,2150,2155,2160,2165,2170,2175,2180,2185,2190,2195,2200,2205,2210,2215,2220,2225,2230,2235,2240,2245,2250,2255,2260,2265,2270,2275,2280,2285,2290,2295,2300,2305,SurfacePredictions,GAMS,Error,,Temperature Sensitivity Parameter,Total Factor Productivity Growth,Population Growth,SurfacePredictions,GAMS,Error
1,1,1,2.9,1,1,Atmospheric Temperature (deg C above preindustrial),0.8,0.925455564,1.059550747,1.201743454,1.351515088,1.508312269,1.671520213,1.840457248,2.01438245,2.1925105,2.374029584,2.558119559,2.743968636,2.930787654,3.117821528,3.304357839,3.489732753,3.673334562,3.854605214,4.030590172,4.201172666,4.36623973,4.525685853,4.679415048,4.827341735,4.969390759,5.10549676,5.235603093,5.359660407,5.477624986,5.589456928,5.695118195,5.794570578,5.887773577,5.974682217,6.055244763,6.129400351,6.19707648,6.258186333,6.312625896,6.360270788,6.400972752,6.434555681,6.460811058,6.479492575,6.490309599,6.47989845,6.452774489,6.412724889,6.362909592,6.305951197,6.244015499,6.178794768,6.1116756,6.043780598,5.9760063,5.909057228,5.845023075,5.79743978,5.778243365,3.853444,3.854605214,0.030%,,2.9,1,1,3.853444,3.854605214,0.030%
2,2,2,4.0524206,1.0044062,1.0007597,Atmospheric Temperature (deg C above preindustrial),0.8,0.97727805,1.164403321,1.361941076,1.570507796,1.79061382,2.022571667,2.266452499,2.522076637,2.789026925,3.066676196,3.354222242,3.650725576,3.955146864,4.266382248,4.583296026,4.90475136,5.229237424,5.555090378,5.877963015,6.195459098,6.505342043,6.805660123,7.094767347,7.371298149,7.634124174,7.882306431,8.115048507,8.331652905,8.531480631,8.713913338,8.878316752,9.024003908,9.150196185,9.255979856,9.34025506,9.401673141,9.43855683,9.455487705,9.456432121,9.444754161,9.42329069,9.394419068,9.360117977,9.322021831,9.281469202,9.223123859,9.150596672,9.066980995,8.974912418,8.87662669,8.774016275,8.668510096,8.561319215,8.453457732,8.345764341,8.238923471,8.133485311,8.029884358,7.950164648,5.486153,5.555090378,1.241%,,4.0524206,1.0044062,1.0007597,5.486153,5.555090378,1.241%
3,3,3,3.7179725,0.9972415,1.0063652,Atmospheric Temperature (deg C above preindustrial),0.8,0.963417654,1.13637348,1.318987078,1.51123597,1.712928668,1.923699599,2.143019833,2.370218134,2.604507732,2.845015153,3.090808382,3.340922458,3.594381234,3.850214391,4.107468962,4.365214336,4.62253896,4.878535205,5.129560841,5.374500682,5.612578481,5.843241371,6.06608923,6.280830197,6.487251565,6.685199884,6.874566671,7.055277652,7.227284307,7.390557002,7.545079291,7.690707462,7.82704855,7.953751447,8.070489693,8.176946337,8.272800066,8.35771199,8.43131249,8.49318755,8.542863876,8.579792021,8.603326308,8.612699878,8.608710803,8.584338215,8.543711035,8.490344214,8.427214153,8.356828428,8.281290677,8.202251184,8.12108741,8.038936182,7.956724245,7.87519661,7.79494241,7.717881996,7.670690968,4.909575,4.878535205,-0.636%,,3.7179725,0.9972415,1.0063652,4.909575,4.878535205,-0.636%
4,4,4,4.5653198,1.0051895,0.9964349,Atmospheric Temperature (deg C above preindustrial),0.8,0.997343949,1.204431038,1.42131777,1.64818048,1.885148262,2.132208768,2.389164604,2.655623595,2.931010504,3.214591193,3.505502897,3.802786412,4.105417669,4.412337558,4.722480126,5.03480074,5.34830779,5.6621047,5.972486181,6.278553318,6.579201309,6.873334292,7.159962812,7.438240211,7.70746855,7.966779188,8.21533348,8.452441055,8.677527798,8.890107654,9.089758061,9.276097982,9.448768031,9.607412018,9.751659279,9.881107197,9.995303154,10.09372505,10.17575981,10.24067822,10.28760489,10.31548163,10.32644095,10.32386214,10.31061076,10.27683345,10.22651949,10.16309656,10.08949371,10.00820179,9.921331663,9.830537405,9.73721677,9.642538491,9.547469015,9.452797914,9.359161465,9.26706417,9.199375998,5.644027,5.6621047,0.319%,,4.5653198,1.0051895,0.9964349,5.644027,5.6621047,0.319%
5,5,5,1.8874452,1.0076525,1.0016465,Atmospheric Temperature (deg C above preindustrial),0.8,0.861309436,0.935142655,1.021205904,1.119476764,1.229994531,1.352727463,1.487497789,1.633949147,1.79154396,1.959580583,2.137213451,2.322961544,2.515297597,2.712660726,2.913466757,3.116115765,3.318998414,3.52050597,3.7169194,3.90524445,4.082917563,4.247902885,4.398627809,4.533866053,4.652611858,4.753959585,4.836989628,4.900654629,4.943654914,4.964285465,4.963745761,4.947471714,4.91981335,4.884228256,4.843442247,4.799582891,4.754290467,4.708810109,4.664068233,4.620735779,4.579280424,4.540009534,4.50310536,4.468653752,4.436667445,4.384554861,4.317160707,4.238408742,4.151466849,4.05888724,3.962727995,3.864389053,3.765013117,3.665519728,3.56663741,3.468933073,3.372838342,3.278672717,3.25720198,3.367771,3.52050597,4.338%,,1.8874452,1.0076525,1.0016465,3.367771,3.52050597,4.338%
6,6,6,4.492066,0.9956008,0.9914186,Atmospheric Temperature (deg C above preindustrial),0.8,0.994551063,1.196614171,1.403869827,1.614196951,1.825683684,2.036627472,2.245529481,2.451085954,2.652177838,2.847859389,3.037346185,3.220002861,3.395330841,3.562956321,3.722618805,3.874160554,4.017517398,4.152711602,4.276902977,4.391598615,4.498162077,4.597777135,4.691440049,4.779967651,4.864013338,4.944086245,5.020570879,5.093745753,5.16380027,5.230849596,5.294947472,5.356097062,5.414260005,5.469363868,5.521308159,5.569969112,5.615203385,5.656850813,5.694736347,5.728671267,5.758453767,5.783868961,5.804688362,5.820668829,5.831550963,5.829143615,5.816098048,5.794657481,5.766711247,5.733843487,5.697377104,5.658363732,5.617677301,5.576036935,5.536271243,5.50194515,5.476447741,5.46293549,5.464333963,4.229201,4.152711602,-1.842%,,4.492066,0.9956008,0.9914186,4.229201,4.152711602,-1.842%
7,7,7,5.000872,0.9990374,1.0014129,Atmospheric Temperature (deg C above preindustrial),0.8,1.01354291,1.237341523,1.471144979,1.714649863,1.967440508,2.228964319,2.498530975,2.775326762,3.058437407,3.346874607,3.639602895,3.935564712,4.23370236,4.532976145,4.832378367,5.13094291,5.427750091,5.721925961,6.009531414,6.290069191,6.563142106,6.828420886,7.085625882,7.334516327,7.574883571,7.806546346,8.029347015,8.24314822,8.447829671,8.643284927,8.829418114,9.006140552,9.173367292,9.331013541,9.478990976,9.617203929,9.74554541,9.863892935,9.972104124,10.07001198,10.1574198,10.23409556,10.29976558,10.3541071,10.39673911,10.41154255,10.4034306,10.37666093,10.33490341,10.2813056,10.21855617,10.14884005,10.0740139,9.995642327,9.915032471,9.833266248,9.751230037,9.669641599,9.611812229,5.7929,5.721925961,-1.240%,,5.000872,0.9990374,1.0014129,5.7929,5.721925961,-1.240%
8,8,8,1.5306744,0.9981383,1.0012135,Atmospheric Temperature (deg C above preindustrial),0.8,0.827725848,0.871033107,0.9271175,0.993670716,1.068754438,1.150712682,1.238111539,1.329697953,1.424371285,1.521163194,1.619222695,1.717804326,1.816258053,1.914020069,2.010603931,2.10559159,2.198623847,2.28938948,2.375587263,2.457530502,2.535513367,2.609784581,2.680541053,2.747930939,2.812060475,2.873001651,2.930799351,2.985477378,3.037043236,3.08549172,3.130807474,3.172966676,3.211938006,3.247683049,3.280156219,3.309304301,3.335065663,3.357369173,3.376132833,3.391262135,3.402648095,3.410164954,3.413667441,3.412987531,3.407930528,3.38966345,3.361708745,3.326988618,3.28799745,3.246941654,3.206349914,3.167823827,3.133113568,3.104077053,3.082624977,3.070648864,3.069937043,3.082098355,3.108556544,2.268313,2.28938948,0.921%,,1.5306744,0.9981383,1.0012135,2.268313,2.28938948,0.921%
9,9,9,5.2396679,1.0071475,0.9986834,Atmospheric Temperature (deg C above preindustrial),0.8,1.022170626,1.255583507,1.501146654,1.759923629,2.032897731,2.320825422,2.624156323,2.943001607,3.277136268,3.626023756,3.988854195,4.364589849,4.752013876,5.149780794,5.556156398,5.968854429,6.38562338,6.804301928,7.219745083,7.628785038,8.028318517,8.415568317,8.788145948,9.144027424,9.481494515,9.799065049,10.09542203,10.36934473,10.61964164,10.84508351,11.04433338,11.21586988,11.3578985,11.46824471,11.54692841,11.5993463,11.6301659,11.64340464,11.64250289,11.63039108,11.6095511,11.58207212,11.54970114,11.51388839,11.47582804,11.41523716,11.33617046,11.24216386,11.13628036,11.02116078,10.89907797,10.77177871,10.64076392,10.50731134,10.37249906,10.23722849,10.10224632,9.968164812,9.83548031,6.688287,6.804301928,1.705%,,5.2396679,1.0071475,0.9986834,6.688287,6.804301928,1.705%
10,10,10,3.1278626,1.0021664,1.009239,Atmospheric Temperature (deg C above preindustrial),0.8,0.936781577,1.083850697,1.242445402,1.413746667,1.598742601,1.798144058,2.012342627,2.241310465,2.48445332,2.740891361,3.009497248,3.288937749,3.577713895,3.874195751,4.176648421,4.483245775,4.792066809,5.101065567,5.405475428,5.700897609,5.983763593,6.251212584,6.500936923,6.731028819,6.939838305,7.125841938,7.287516816,7.423211286,7.531000191,7.608506998,7.655868323,7.678963675,7.682767435,7.671466527,7.648564925,7.616976396,7.579106679,7.536926114,7.492033638,7.445712969,7.398981724,7.352634174,7.307278296,7.263367714,7.221229107,7.155693115,7.071256758,6.971769302,6.860511988,6.740274803,6.613431778,6.481729065,6.346661152,6.20949349,6.071286371,5.93291868,5.795110656,5.658445123,5.533259086,4.989268,5.101065567,2.192%,,3.1278626,1.0021664,1.009239,4.989268,5.101065567,2.192%
11,11,11,4.6550536,1.0046998,1.0042254,Atmospheric Temperature (deg C above preindustrial),0.8,1.000736301,1.212640319,1.437038638,1.675301955,1.928647908,2.198016066,2.48399985,2.786822157,3.106343108,3.442090174,3.793302905,4.158431183,4.535697607,4.923175705,5.318822069,5.720502921,6.126014121,6.533094342,6.936436408,7.33177256,7.715331028,8.083905104,8.434801138,8.765742407,9.074761363,9.360092274,9.620066715,9.853009651,10.05713108,10.23040586,10.37043148,10.47425005,10.54647429,10.59261196,10.61741252,10.62495145,10.61870768,10.60163445,10.57622381,10.54456513,10.50839782,10.46915867,10.42802404,10.38594732,10.343692,10.27670543,10.18932207,10.08533125,9.968025006,9.840251369,9.704472237,9.562566193,9.416155345,9.266627753,9.11516102,8.962745773,8.810208201,8.658231122,8.507373316,6.440237,6.533094342,1.421%,,4.6550536,1.0046998,1.0042254,6.440237,6.533094342,1.421%
12,12,12,5.4045105,1.0064334,0.9951694,Atmospheric Temperature (deg C above preindustrial),0.8,1.028037914,1.26674168,1.516237805,1.776825626,2.048770595,2.332184662,2.62696737,2.932787904,3.249093484,3.57513348,3.909991799,4.252622535,4.601885922,4.956583284,5.315491404,5.67739881,6.041149744,6.405706924,6.767024081,7.124074751,7.475524883,7.820027582,8.15635854,8.483166663,8.799138677,9.103184603,9.394400282,9.672031665,9.935442056,10.18408249,10.41746491,10.63513772,10.83666301,11.02159483,11.18945794,11.33972602,11.47179867,11.58497619,11.67843067,11.75117202,11.80200742,11.83231301,11.8458983,11.84602328,11.83546312,11.80298158,11.75266355,11.68804107,11.61215029,11.52758837,11.43656972,11.34083755,11.24187423,11.14092823,11.03904076,10.93707119,10.83572072,10.735554,10.65141684,6.349812,6.405706924,0.873%,,5.4045105,1.0064334,0.9951694,6.349812,6.405706924,0.873%
13,13,13,2.8336102,0.993224,1.0085136,Atmospheric Temperature (deg C above preindustrial),0.8,0.922012485,1.053190834,1.193088906,1.341083827,1.496423158,1.658262618,1.825697928,1.997792302,2.173600079,2.352186535,2.532643796,2.714102784,2.895741134,3.076786963,3.25651814,3.434256231,3.609353309,3.78116777,3.946591344,4.105317748,4.2573634,4.402887046,4.54209358,4.675185535,4.802340945,4.92370533,5.039390831,5.14947862,5.254022494,5.353052549,5.446578421,5.534591869,5.617068645,5.693969674,5.765241583,5.83081665,5.890612217,5.944529593,5.992452487,6.034244961,6.069748867,6.098780747,6.121128075,6.136544707,6.144745238,6.133130739,6.105999767,6.066944058,6.018948872,5.964481856,5.905572207,5.843798167,5.780446779,5.716554553,5.652944297,5.590258025,5.534051105,5.495029625,5.482515879,3.814011,3.78116777,-0.869%,,2.8336102,0.993224,1.0085136,3.814011,3.78116777,-0.869%
14,14,14,4.6488593,0.9996568,0.9984162,Atmospheric Temperature (deg C above preindustrial),0.8,1.000503114,1.210426863,1.429144801,1.656039749,1.890443825,2.131612675,2.378722158,2.630878714,2.887137093,3.146521052,3.408044135,3.67072878,3.933622838,4.195813142,4.456436196,4.714686321,4.969821852,5.221170225,5.465139718,5.701843507,5.931358454,6.153723765,6.368944962,6.576999806,6.77784444,6.971418888,7.15765157,7.336462741,7.507766891,7.671474208,7.827491238,7.975720823,8.116061449,8.248406075,8.372640491,8.488641282,8.596273394,8.695387329,8.785815958,8.867370924,8.939838592,9.002975457,9.056502873,9.100100839,9.133400342,9.141648342,9.129409084,9.100616142,9.058642278,9.006365568,8.946232036,8.880218803,8.809997693,8.736969993,8.66229941,8.586942668,8.511677491,8.440445889,8.394965019,5.303036,5.221170225,-1.568%,,4.6488593,0.9996568,0.9984162,5.303036,5.221170225,-1.568%
15,15,15,1.8574437,1.0030225,1.006326,Atmospheric Temperature (deg C above preindustrial),0.8,0.858829402,0.930570289,1.014796634,1.111243771,1.219663046,1.339732591,1.471010549,1.612919276,1.764750931,1.925686547,2.094599345,2.270180235,2.451110972,2.636076822,2.823775152,3.012918268,3.202228534,3.390422604,3.574052541,3.750485162,3.917654912,4.074005922,4.218388317,4.349948944,4.468031356,4.572088592,4.661607257,4.736039167,4.794735593,4.836877841,4.861395814,4.866862148,4.855472983,4.831813313,4.799524734,4.76147708,4.719910597,4.676553725,4.632720612,4.589391748,4.547280524,4.506888025,4.468548008,4.432463671,4.39873759,4.348738194,4.286662685,4.215883607,4.139099501,4.05846194,3.975684549,3.89192093,3.808098259,3.72494861,3.643038329,3.562794764,3.48453004,3.418518296,3.415855174,3.27417,3.390422604,3.429%,,1.8574437,1.0030225,1.006326,3.27417,3.390422604,3.429%
16,16,16,1.6747996,0.9930098,1.0050933,Atmospheric Temperature (deg C above preindustrial),0.8,0.84248558,0.898519136,0.965710136,1.041926481,1.125281968,1.214117061,1.306978101,1.402597219,1.499873756,1.597857263,1.69573188,1.79280179,1.888477436,1.982262151,2.073738728,2.162555276,2.248409173,2.331027024,2.408067109,2.480054365,2.547582628,2.611204509,2.671385103,2.728489876,2.78278955,2.834472328,2.883658251,2.930413053,2.974760319,3.01669158,3.056174313,3.09315807,3.127578992,3.159362965,3.188427674,3.214683766,3.238035282,3.25837949,3.275606228,3.289596809,3.300222528,3.307342795,3.310802859,3.310431104,3.306035832,3.292009797,3.270964834,3.245097354,3.216300938,3.18625771,3.156899484,3.129450929,3.105231018,3.085623865,3.072045014,3.065900847,3.068543598,3.081233785,3.10515486,2.339181,2.331027024,-0.350%,,1.6747996,0.9930098,1.0050933,2.339181,2.331027024,-0.350%
17,17,17,3.559735,1.0039432,0.9982429,Atmospheric Temperature (deg C above preindustrial),0.8,0.956586117,1.122131391,1.296634657,1.480168489,1.672748146,1.874259831,2.08443014,2.302822954,2.528853463,2.761811792,3.000890914,3.245215341,3.493868435,3.745917313,4.000435263,4.25652249,4.513327162,4.770070387,5.023426225,5.272527452,5.516419175,5.754202826,5.985096621,6.208453166,6.423722279,6.630108811,6.826972793,7.0137963,7.190154643,7.355691417,7.510096787,7.653088358,7.78439398,7.903735871,8.010815446,8.105298234,8.186798217,8.254860818,8.308943606,8.348393518,8.372418937,8.380054337,8.374021343,8.357372924,8.332658641,8.290604261,8.234915487,8.168732328,8.094700915,8.015039778,7.931601555,7.845805993,7.758834511,7.671657573,7.585061133,7.499671451,7.415977891,7.334353522,7.285132465,4.735723,4.770070387,0.720%,,3.559735,1.0039432,0.9982429,4.735723,4.770070387,0.720%
18,18,18,1.6923573,1.0014074,1.0002883,Atmospheric Temperature (deg C above preindustrial),0.8,0.844160414,0.901842314,0.971210835,1.050776855,1.139264287,1.235528024,1.338506641,1.447198024,1.560649349,1.677955311,1.798260478,1.92076311,2.044718845,2.169443437,2.294314228,2.418770433,2.542312564,2.66450157,2.782883868,2.897244287,3.007363156,3.113054139,3.214176487,3.31063477,3.402373096,3.489367427,3.571617781,3.649141108,3.721965129,3.79012316,3.853649823,3.912577522,3.966933533,4.016552087,4.061149848,4.10048391,4.134333617,4.162485462,4.184720096,4.200800609,4.210461295,4.213396126,4.209246026,4.197583755,4.177894629,4.144666417,4.101866388,4.052604368,3.999300662,3.943823411,3.887601744,3.831631472,3.776659407,3.723229985,3.673161949,3.632815745,3.608027512,3.60376541,3.623919316,2.6058,2.66450157,2.203%,,1.6923573,1.0014074,1.0002883,2.6058,2.66450157,2.203%
19,19,19,1.8567845,1.0001557,1.0008457,Atmospheric Temperature (deg C above preindustrial),0.8,0.858774325,0.92944478,1.010551032,1.10085517,1.199249797,1.30470388,1.416234305,1.532894097,1.653770639,1.777989231,1.904718789,2.033177719,2.162638781,2.29243239,2.421948138,2.550634551,2.677997161,2.803594932,2.924909082,3.04183866,3.154296904,3.262216251,3.3655487,3.464263915,3.558346345,3.647792049,3.732605569,3.812797014,3.888379389,3.959366189,4.025769219,4.087596603,4.144850934,4.197527518,4.24561267,4.289081998,4.327898644,4.36201141,4.391352732,4.415836414,4.43535506,4.449777112,4.458943356,4.462662735,4.460707217,4.44094058,4.408028994,4.365698205,4.316905362,4.263981781,4.208752293,4.152553414,4.096415911,4.041119307,3.987837463,3.943001584,3.912571383,3.901718664,3.914624767,2.755432,2.803594932,1.718%,,1.8567845,1.0001557,1.0008457,2.755432,2.803594932,1.718%
20,20,20,4.2533021,0.9992723,1.0094805,Atmospheric Temperature (deg C above preindustrial),0.8,0.985287055,1.181394826,1.389399602,1.610242666,1.844633574,2.092997269,2.355455766,2.631835701,2.921693835,3.224353728,3.538937199,3.864092828,4.198378047,4.540285492,4.888261731,5.240714957,5.596006417,5.95241598,6.305191615,6.650802413,6.986421926,7.309786688,7.619075363,7.912806996,8.189755341,8.448875957,8.689242874,8.909991856,9.110267437,9.289170873,9.44570594,9.578718959,9.686828462,9.768338478,9.821711409,9.852062663,9.863777166,9.860594538,9.845686651,9.821728024,9.790959444,9.755245212,9.716124399,9.674856505,9.632461932,9.570632969,9.493139861,9.403233316,9.303700534,9.196921426,9.08492509,8.969244349,8.851188528,8.731863641,8.612193634,8.49294146,8.374729251,8.258057107,8.154039733,5.923117,5.95241598,0.492%,,4.2533021,0.9992723,1.0094805,5.923117,5.95241598,0.492%
21,21,21,1.6393541,0.9927153,0.9914728,Atmospheric Temperature (deg C above preindustrial),0.8,0.839028272,0.890322891,0.950079365,1.015187318,1.083152613,1.152009832,1.22023759,1.286682106,1.350490808,1.411055913,1.467967143,1.520972439,1.569945513,1.614859179,1.655763517,1.692768107,1.726027681,1.755730714,1.780032344,1.800249899,1.817475882,1.832579398,1.846226177,1.85890657,1.870965268,1.882629401,1.894033436,1.905240357,1.916259141,1.92705886,1.937579835,1.9477423,1.957453006,1.966610148,1.975217474,1.983337236,1.991010303,1.998263585,2.005115819,2.011582071,2.017677269,2.023419012,2.028829829,2.033939046,2.038784364,2.04341321,2.047883892,2.052266528,2.056643689,2.061110618,2.065852548,2.071000447,2.076706305,2.083143094,2.090503914,2.099000724,2.10886342,2.120341112,2.133715287,1.776259,1.755730714,-1.169%,,1.6393541,0.9927153,0.9914728,1.776259,1.755730714,-1.169%
22,22,22,3.2236437,1.0070902,1.0053901,Atmospheric Temperature (deg C above preindustrial),0.8,0.94134276,1.093009973,1.256552061,1.433617997,1.625735911,1.834163813,2.059799219,2.303137496,2.563917657,2.84128603,3.13401203,3.440529623,3.758980796,4.087255068,4.423020535,4.763743013,5.106690516,5.448920659,5.784698204,6.108365782,6.415085133,6.700814845,6.962129398,7.195988695,7.399490958,7.569606958,7.702872318,7.795744978,7.855572118,7.888623595,7.90022611,7.894882705,7.876379276,7.847879455,7.812009041,7.770930944,7.726411516,7.679879048,7.632475147,7.585099663,7.538449799,7.493053976,7.449301029,7.407465244,7.367727706,7.295357263,7.1958046,7.073790467,6.933387256,6.778101956,6.610962227,6.43420145,6.249746075,6.059243142,5.864088763,5.665456244,5.464322956,5.261495431,5.057632389,5.280464,5.448920659,3.092%,,3.2236437,1.0070902,1.0053901,5.280464,5.448920659,3.092%
23,23,23,4.5371762,1.007486,1.0074511,Atmospheric Temperature (deg C above preindustrial),0.8,0.996273511,1.204547946,1.427305841,1.667184673,1.926689963,2.207985909,2.512659119,2.84125392,3.193659756,3.569119062,3.966264266,4.383171383,4.817418937,5.26614242,5.726075442,6.193568644,6.664575223,7.134586434,7.595530258,8.038911453,8.457369974,8.844464248,9.194274109,9.500929029,9.758061168,9.9586546,10.11148718,10.22423075,10.30356423,10.35527746,10.38436677,10.39512286,10.39121144,10.37574694,10.35135981,10.32025749,10.2842795,10.24494689,10.20350641,10.16096979,10.11814844,10.07568395,10.03407475,9.99369939,9.954836584,9.867367758,9.737413429,9.570433928,9.371249872,9.144086988,8.892643671,8.619710755,8.327607551,8.018221342,7.69304399,7.353204677,6.999497954,6.632406381,6.252117016,7.013067,7.134586434,1.703%,,4.5371762,1.007486,1.0074511,7.013067,7.134586434,1.703%
24,24,24,4.8271878,1.0020627,1.0097973,Atmospheric Temperature (deg C above preindustrial),0.8,1.007161012,1.226275837,1.459148231,1.707539266,1.972985998,2.256684306,2.559425894,2.881263129,3.221745239,3.580022079,3.954889766,4.344842412,4.748123426,5.162770954,5.586652692,6.017484808,6.452827489,6.890043903,7.323147374,7.746434121,8.155166718,8.54542747,8.913936823,9.25787203,9.57469546,9.861990668,10.11729889,10.33794486,10.52083675,10.66221935,10.76597208,10.83837112,10.88485829,10.9101302,10.91822034,10.91257473,10.89612117,10.87133246,10.84028375,10.80470438,10.76602432,10.72541576,10.68383,10.64203,10.60061907,10.52968328,10.43402878,10.31789634,10.18500145,10.03858484,9.881471599,9.715832434,9.543548787,9.366238888,9.185284669,9.001858296,8.816947479,8.631379057,8.445840574,6.85758,6.890043903,0.471%,,4.8271878,1.0020627,1.0097973,6.85758,6.890043903,0.471%
25,25,25,3.0298501,0.9988569,1.009303,Atmospheric Temperature (deg C above preindustrial),0.8,0.931997037,1.073878191,1.226279057,1.389704466,1.56446314,1.750635849,1.948069562,2.156390528,2.3750299,2.603256461,2.840212075,3.084946538,3.336236945,3.592763985,3.853213457,4.116277871,4.38064554,4.644969538,4.905310482,5.15900666,5.404010165,5.638746522,5.862002329,6.072835085,6.270500274,6.454391668,6.623991525,6.778827928,6.918436865,7.042326883,7.149944186,7.240635862,7.31360848,7.367878483,7.402209325,7.415555389,7.412377547,7.396408327,7.370752089,7.337973426,7.300175042,7.259066137,7.216022282,7.172137628,7.128270255,7.06914874,6.998214848,6.918362566,6.832012647,6.74118111,6.647543144,6.552318757,6.456524774,6.360996116,6.266407442,6.173294081,6.082071646,5.993053981,5.943443618,4.562893,4.644969538,1.767%,,3.0298501,0.9988569,1.009303,4.562893,4.644969538,1.767%
26,26,26,3.9622193,0.9964173,1.0027284,Atmospheric Temperature (deg C above preindustrial),0.8,0.97360938,1.156264723,1.347426965,1.546461934,1.752639701,1.965144248,2.183090047,2.405542386,2.631538845,2.860109944,3.090297646,3.321170886,3.551837688,3.781453656,4.009226639,4.234417246,4.45633439,4.674324124,4.884968035,5.088252008,5.284294034,5.473252934,5.655282712,5.83051218,5.999038076,6.160924971,6.316208226,6.464897964,6.606983009,6.742434295,6.871207542,6.993245146,7.108477322,7.216822553,7.318187415,7.412465835,7.499537831,7.579267761,7.651502105,7.716066761,7.772763834,7.821367858,7.861621347,7.893229458,7.915853414,7.915811679,7.897456387,7.864506351,7.820123212,7.766981816,7.707335471,7.64298722,7.575447326,7.505968573,7.435579304,7.365113795,7.29523977,7.235987877,7.203238418,4.769124,4.674324124,-2.028%,,3.9622193,0.9964173,1.0027284,4.769124,4.674324124,-2.028%
27,27,27,2.8799466,0.9935609,0.9913078,Atmospheric Temperature (deg C above preindustrial),0.8,0.924422958,1.055519182,1.190839578,1.328209434,1.465748756,1.601866471,1.735241834,1.864800296,1.989687702,2.109244803,2.222983095,2.330562419,2.431770524,2.526504612,2.614754865,2.696589927,2.772144336,2.841607979,2.902773967,2.957071093,3.005768063,3.049946212,3.09049796,3.128139256,3.163428612,3.196788367,3.228525662,3.258851855,3.287899766,3.315738597,3.342386572,3.367821476,3.391989318,3.414811339,3.436189617,3.456011451,3.474152734,3.490480443,3.504854418,3.517128514,3.527151227,3.534765882,3.539810429,3.542116894,3.541510546,3.537189671,3.530098247,3.52108348,3.51092018,3.500330802,3.490180707,3.48106134,3.473605116,3.468474182,3.46635017,3.467924098,3.473887072,3.484925946,3.501742874,2.902773,2.841607979,-2.152%,,2.8799466,0.9935609,0.9913078,2.902773,2.841607979,-2.152%
28,28,28,3.6291151,0.9973924,0.9925683,Atmospheric Temperature (deg C above preindustrial),0.8,0.959605615,1.126505405,1.298901324,1.475158872,1.653789967,1.833442167,2.012891975,2.191040346,2.366909049,2.539637019,2.708476214,2.872786818,3.032031816,3.185771166,3.333655881,3.475422523,3.610888799,3.73995129,3.859910248,3.972027408,4.077409233,4.176987565,4.271522124,4.361614203,4.447725212,4.530196419,4.609267923,4.685095885,4.757767611,4.827314424,4.893722421,4.956941303,5.016891495,5.073469769,5.126553573,5.176004248,5.221669285,5.263383761,5.300971053,5.334242919,5.362999013,5.387025872,5.406095388,5.419962752,5.428363791,5.422120972,5.404291436,5.377445115,5.343731571,5.304939691,5.26255122,5.217731793,5.171440536,5.124457857,5.079258325,5.040117792,5.011075799,4.995838569,4.997751991,3.826774,3.73995129,-2.321%,,3.6291151,0.9973924,0.9925683,3.826774,3.73995129,-2.321%
29,29,29,2.5400364,1.0060494,0.9998557,Atmospheric Temperature (deg C above preindustrial),0.8,0.905833762,1.021291781,1.146519261,1.281788254,1.427334607,1.583261739,1.749492882,1.92575736,2.11159956,2.306401837,2.509414788,2.71979025,2.936613977,3.158936365,3.385648666,3.61522687,3.846223246,4.077278884,4.304816896,4.526730457,4.74105424,4.946117526,5.140564693,5.323319803,5.493531457,5.650514118,5.793692412,5.922550183,6.036583798,6.135258063,6.217962355,6.283963933,6.332354366,6.361983413,6.37137181,6.364344735,6.344848601,6.316122595,6.280806521,6.241034086,6.198513475,6.154596764,6.110339559,6.066552055,6.023842586,5.966221215,5.897241113,5.819849981,5.736480974,5.649133848,5.559448659,5.468590173,5.377517737,5.287008634,5.197681319,5.110017551,5.02438285,4.941045,4.905619661,3.931608,4.077278884,3.573%,,2.5400364,1.0060494,0.9998557,3.931608,4.077278884,3.573%
30,30,30,3.7914425,0.9970321,1.0032649,Atmospheric Temperature (deg C above preindustrial),0.8,0.966525657,1.142122458,1.326420634,1.518953979,1.719146809,1.926316593,2.139687245,2.358408744,2.581579567,2.808269336,3.037539834,3.268463257,3.50013702,3.731694742,3.962313117,4.191214267,4.417662681,4.640954866,4.857670782,5.067552032,5.270497998,5.466480894,5.655501144,5.837565146,6.012675142,6.180825363,6.342001221,6.496179758,6.643330422,6.783415723,6.916391536,7.042206988,7.160803915,7.272115905,7.376066949,7.47256973,7.56152355,7.642811901,7.716299662,7.781829893,7.839220173,7.888258386,7.92869784,7.960251461,7.982584669,7.981579251,7.961744782,7.926931442,7.88040978,7.824944291,7.762861576,7.696020509,7.625976264,7.554017132,7.481198951,7.408376709,7.33623317,7.273876695,7.238813843,4.713838,4.640954866,-1.570%,,3.7914425,0.9970321,1.0032649,4.713838,4.640954866,-1.570%
31,31,31,5.1233867,0.998502,0.9937876,Atmospheric Temperature (deg C above preindustrial),0.8,1.017989363,1.24491313,1.47917963,1.719309691,1.963900635,2.211610676,2.461155794,2.711313457,2.960929398,3.208924999,3.454303876,3.696156946,3.933665769,4.166104302,4.392839486,4.613331342,4.827133624,5.033896568,5.230233141,5.417245461,5.595895154,5.766987295,5.931173649,6.088965532,6.240750623,6.386810579,6.527337749,6.662450211,6.792204796,6.916608095,7.035625535,7.149188709,7.257201157,7.359542773,7.456073026,7.546633142,7.631047371,7.709123455,7.780652376,7.845407439,7.903142744,7.953591042,7.996460952,8.031433442,8.058157328,8.064578026,8.054442251,8.03096562,7.996894863,7.954565702,7.905956815,7.852664596,7.796035652,7.737196048,7.677078833,7.616449437,7.555928763,7.506813727,7.480568015,5.108864,5.033896568,-1.489%,,5.1233867,0.998502,0.9937876,5.108864,5.033896568,-1.489%
32,32,32,3.7640875,1.0011328,0.993552,Atmospheric Temperature (deg C above preindustrial),0.8,0.965372935,1.138728623,1.318956003,1.505076017,1.69616527,1.891317891,2.089631366,2.290206518,2.492154989,2.694609903,2.896737078,3.097745311,3.296895081,3.493505649,3.686960988,3.876715552,4.062301578,4.243340674,4.416845472,4.583578294,4.744103495,4.898830067,5.04804517,5.191940653,5.330634046,5.464185162,5.592609152,5.715886707,5.833971917,5.94679823,6.054282853,6.156329858,6.252832236,6.343673049,6.428725849,6.507854447,6.58091212,6.647740322,6.708166913,6.762003939,6.80904494,6.849061758,6.881800772,6.90697841,6.924275686,6.921299153,6.902061091,6.869970473,6.827909195,6.778301573,6.723177984,6.664153319,6.602571984,6.539541785,6.475965389,6.412569027,6.352156296,6.306370066,6.285688329,4.308001,4.243340674,-1.524%,,3.7640875,1.0011328,0.993552,4.308001,4.243340674,-1.524%
33,33,33,1.7259473,1.001489,0.9923112,Atmospheric Temperature (deg C above preindustrial),0.8,0.84729843,0.906728933,0.975745054,1.052296463,1.13468711,1.221483159,1.311453492,1.403531047,1.496787178,1.590413924,1.683710978,1.776075409,1.866993082,1.956031321,2.042832878,2.127111718,2.208651809,2.287310942,2.360947672,2.430497828,2.4966235,2.559782635,2.6202814,2.678313667,2.733990816,2.787364163,2.838441776,2.887200964,2.933597472,2.977572111,3.019055443,3.057970946,3.09423703,3.127768151,3.158475232,3.186265543,3.211042138,3.232702941,3.251139515,3.266235546,3.277865053,3.285890295,3.29015936,3.290503362,3.286733177,3.273257107,3.252670968,3.227168535,3.198649285,3.168806118,3.139580828,3.112214796,3.088040548,3.068452631,3.054874099,3.048716434,3.051335397,3.063994324,3.087877651,2.254872,2.287310942,1.418%,,1.7259473,1.001489,0.9923112,2.254872,2.287310942,1.418%
34,34,34,1.908455,1.0010749,0.993139,Atmospheric Temperature (deg C above preindustrial),0.8,0.863016015,0.936613872,1.01872386,1.107642849,1.20192458,1.300311212,1.401691498,1.505075609,1.609579921,1.714417431,1.818891127,1.922388736,2.02437807,2.124402716,2.222078242,2.317089531,2.409190381,2.498207328,2.581908835,2.66117422,2.736642017,2.808765462,2.877856127,2.944118079,3.007674487,3.06858821,3.126877607,3.182528546,3.235503427,3.285747818,3.333195246,3.377770516,3.419391878,3.457972288,3.493419961,3.525638341,3.554525607,3.579973788,3.601867533,3.620082564,3.634483819,3.644923265,3.65123734,3.653243971,3.650739016,3.634533664,3.607948323,3.573835051,3.534702713,3.492821023,3.45076527,3.410258046,3.373140868,3.341335039,3.316791799,3.301429501,3.297062543,3.305338729,3.327740559,2.472361,2.498207328,1.035%,,1.908455,1.0010749,0.993139,2.472361,2.498207328,1.035%
35,35,35,2.8133674,0.9956719,1.0071482,Atmospheric Temperature (deg C above preindustrial),0.8,0.920948376,1.051150993,1.190338879,1.338110355,1.493936574,1.657174833,1.827087652,2.00286522,2.183648909,2.368553962,2.556689938,2.747177942,2.939164033,3.131828367,3.324389574,3.516103586,3.706255238,3.894139279,4.076600439,4.253015569,4.423073287,4.586632267,4.743641829,4.894097885,5.038018771,5.175432138,5.30636788,5.430854275,5.548915762,5.660571486,5.765834147,5.864708897,5.957192167,6.043270347,6.122918292,6.19609762,6.262754781,6.322818868,6.376199131,6.422782134,6.462428501,6.494969136,6.520200787,6.537880733,6.54772024,6.536211912,6.507941176,6.466746721,6.415825367,6.357825135,6.294928385,6.228835871,6.160937967,6.092357483,6.023988534,5.956531336,5.891303529,5.842458342,5.822482526,3.896292,3.894139279,-0.055%,,2.8133674,0.9956719,1.0071482,3.896292,3.894139279,-0.055%
36,36,36,5.462402,1.0049145,0.9984972,Atmospheric Temperature (deg C above preindustrial),0.8,1.030082762,1.271306662,1.524097637,1.78898209,2.066398883,2.356590042,2.659547845,2.975000979,3.302426428,3.64107707,3.990017648,4.348164062,4.714322735,5.087228404,5.465580103,5.848076748,6.233455979,6.620543511,7.00507975,7.385063515,7.758235551,8.122561623,8.476284064,8.817917038,9.146217466,9.46014719,9.758833647,10.04153215,10.30759083,10.55641815,10.78745274,11.00013454,11.19387664,11.36803653,11.52188584,11.65457687,11.76510426,11.85225983,11.91457815,11.95415597,11.97512106,11.98101578,11.97486453,11.95923545,11.93629667,11.89248571,11.83171218,11.75735964,11.67233857,11.57914037,11.47989171,11.37624889,11.26962312,11.16120504,11.0519893,10.94279829,10.83430427,10.72704983,10.63049834,6.564095,6.620543511,0.853%,,5.462402,1.0049145,0.9984972,6.564095,6.620543511,0.853%
37,37,37,4.3574614,0.9928868,1.0075668,Atmospheric Temperature (deg C above preindustrial),0.8,0.989360139,1.18846147,1.396897156,1.614043258,1.839111407,2.071191852,2.3092904,2.552360706,2.799332306,3.049134394,3.300715219,3.553057008,3.805186344,4.05617982,4.305164589,4.551312859,4.793828316,5.031920272,5.261853398,5.483354391,5.696483147,5.901441692,6.098472216,6.287805884,6.46963992,6.644129857,6.811389488,6.971494318,7.124486233,7.270378176,7.409158279,7.540793175,7.665230439,7.78240018,7.892215835,7.99457424,8.089355024,8.176419402,8.255608363,8.326740299,8.389608036,8.44397524,8.489572075,8.526089933,8.553174815,8.556868517,8.541542305,8.510947879,8.468288933,8.416288057,8.35724942,8.293026805,8.225180829,8.155013264,8.083599364,8.01181774,7.940377567,7.876775346,7.838943261,5.163264,5.031920272,-2.610%,,4.3574614,0.9928868,1.0075668,5.163264,5.031920272,-2.610%
38,38,38,1.8158967,1.0019279,1.0064965,Atmospheric Temperature (deg C above preindustrial),0.8,0.855307033,0.923777006,1.004743231,1.09770443,1.202194212,1.317702003,1.443632344,1.579291679,1.723893624,1.87657552,2.036420688,2.202348322,2.373072965,2.547351199,2.723983545,2.901812031,3.079711231,3.256569195,3.429138188,3.595204942,3.753065248,3.901456088,4.039463077,4.166428876,4.281871943,4.38541753,4.476739637,4.55551134,4.621360385,4.673826648,4.712317557,4.736056622,4.744018305,4.734838745,4.713180147,4.682742373,4.646433031,4.606515754,4.564732515,4.522404472,4.480515006,4.439777999,4.400693813,4.363595058,4.328683885,4.27985679,4.220909744,4.154869667,4.084138034,4.010611104,3.935782201,3.860644734,3.785985293,3.712413676,3.640390757,3.570253623,3.502237751,3.456564372,3.465959655,3.148815,3.256569195,3.309%,,1.8158967,1.0019279,1.0064965,3.148815,3.256569195,3.309%
39,39,39,3.9568658,0.9989788,1.0095764,Atmospheric Temperature (deg C above preindustrial),0.8,0.973390126,1.157270261,1.352620253,1.560275865,1.780844147,2.014658825,2.261767148,2.521940104,2.794698643,3.079349598,3.375026157,3.680530381,3.994458859,4.31535981,4.641749293,4.972116987,5.304916549,5.638531341,5.968418082,6.291293012,6.604556068,6.906144855,7.194414879,7.468041296,7.725937702,7.967188041,8.19098824,8.396594657,8.583276669,8.750270854,8.896734102,9.021692607,9.123982975,9.202180457,9.254507482,9.283633742,9.294039887,9.289537464,9.273351,9.248192157,9.216326493,9.179633317,9.139659105,9.097664951,9.054668497,8.993382302,8.91747475,8.830092675,8.733921039,8.631241309,8.523988924,8.413616676,8.301360012,8.188257117,8.075169937,7.962804991,7.851733224,7.742408464,7.654373516,5.599873,5.638531341,0.686%,,3.9568658,0.9989788,1.0095764,5.599873,5.638531341,0.686%
40,40,40,3.4729347,0.9978035,1.0026909,Atmospheric Temperature (deg C above preindustrial),0.8,0.952751565,1.114368139,1.284481983,1.462654879,1.648353371,1.840943861,2.039701169,2.2438253,2.452462257,2.66472587,2.879718533,3.096549509,3.314350048,3.53228489,3.749559925,3.965425687,4.179176065,4.390140811,4.595040848,4.793603302,4.985683789,5.171202576,5.350110603,5.52237202,5.687955643,5.846831049,5.998966914,6.144330322,6.282886358,6.414597645,6.539423676,6.657319879,6.768236393,6.872116582,6.96889526,7.058496673,7.140832189,7.215797723,7.28327083,7.343107453,7.395138241,7.439164353,7.474952605,7.502229734,7.520675358,7.516348791,7.493775166,7.456799205,7.408670919,7.352123809,7.289446589,7.222456744,7.152666255,7.081319882,7.009430681,6.93781242,6.867108769,6.808341711,6.777512309,4.437608,4.390140811,-1.081%,,3.4729347,0.9978035,1.0026909,4.437608,4.390140811,-1.081%
41,41,41,2.5763906,1.0042013,1.0038305,Atmospheric Temperature (deg C above preindustrial),0.8,0.9079322,1.025814605,1.154088506,1.293245355,1.443684384,1.60562799,1.779080746,1.963820223,2.159409761,2.365225123,2.580488716,2.804306666,3.03529171,3.271967103,3.512848578,3.756453937,4.001308252,4.245944467,4.48655003,4.72037555,4.945068952,5.158717417,5.359801618,5.547119473,5.719704384,5.876747591,6.017527126,6.141342382,6.247451591,6.335008284,6.402991517,6.450122594,6.474757469,6.479246602,6.468180196,6.44534996,6.41386789,6.376269342,6.334602359,6.290504963,6.24527184,6.199911716,6.155196542,6.111703483,6.069850622,6.011102044,5.939293478,5.857624769,5.768753302,5.674878135,5.577817206,5.47886704,5.379106553,5.27942047,5.180522977,5.082980499,4.987232936,4.893613011,4.848026262,4.103981,4.245944467,3.344%,,2.5763906,1.0042013,1.0038305,4.103981,4.245944467,3.344%
42,42,42,2.6724435,0.9949869,1.0058437,Atmospheric Temperature (deg C above preindustrial),0.8,0.913339605,1.035783114,1.166721707,1.30544645,1.451167815,1.603035447,1.76015843,1.921625363,2.086523278,2.2539545,2.4230508,2.592984411,2.762975686,2.932297225,3.10027423,3.266280515,3.429728905,3.59005336,3.744297837,3.892324752,4.034211008,4.170119338,4.300231427,4.424715621,4.543713442,4.657335904,4.765664592,4.868754701,4.966638586,5.059329077,5.146822236,5.229099445,5.30612881,5.377865932,5.444254104,5.505223986,5.5606928,5.610563094,5.654721062,5.693034438,5.725349928,5.75149012,5.771249798,5.784391489,5.790639991,5.777638225,5.749669161,5.710292655,5.662451644,5.608565402,5.550611942,5.490119361,5.428325818,5.366221355,5.304585485,5.244020566,5.192150154,5.158280097,5.150411105,3.608889,3.59005336,-0.525%,,2.6724435,0.9949869,1.0058437,3.608889,3.59005336,-0.525%
43,43,43,3.4011132,0.9998957,0.9906834,Atmospheric Temperature (deg C above preindustrial),0.8,0.949527698,1.106255885,1.268505079,1.434808821,1.603854312,1.774449176,1.945504186,2.116025137,2.285109473,2.451944949,2.615808738,2.776066231,2.932169247,3.083653787,3.230137813,3.371319862,3.506979905,3.636984614,3.75869452,3.873330376,3.981893287,4.08518358,4.183825168,4.278291059,4.368927672,4.455976814,4.539594875,4.619869174,4.696831643,4.770470063,4.840737178,4.907557937,4.970835157,5.030453816,5.08628421,5.138184116,5.186000133,5.229568289,5.268714035,5.303251665,5.332983232,5.357696967,5.377165213,5.391141811,5.399358856,5.392059275,5.3725216,5.343496749,5.307281115,5.265781699,5.220574414,5.172895058,5.123757599,5.073984398,5.025018348,4.981856438,4.949217223,4.931406167,4.932258685,3.698137,3.636984614,-1.681%,,3.4011132,0.9998957,0.9906834,3.698137,3.636984614,-1.681%
44,44,44,5.3563142,1.0036413,1.0063999,Atmospheric Temperature (deg C above preindustrial),0.8,1.026329431,1.264933071,1.517421041,1.785423967,2.070385088,2.373426606,2.695276098,3.036240212,3.396214314,3.774537177,4.169855751,4.58053415,5.004701939,5.440299949,5.885119735,6.336833267,6.793009145,7.251109755,7.705246039,8.150376808,8.582162496,8.996950199,9.391667329,9.763687603,10.1106939,10.43054515,10.72114629,10.98031648,11.2056478,11.39434397,11.54302546,11.65382227,11.73293396,11.78575007,11.81693443,11.8305034,11.82989812,11.81805112,11.79744728,11.77017929,11.73799792,11.7023573,11.66445533,11.62526983,11.58559036,11.51797215,11.42702397,11.31681352,11.1909028,11.05239493,10.90398956,10.74777227,10.58554565,10.41885591,10.24902006,10.07715232,9.904189202,9.730912665,9.557971172,7.185855,7.251109755,0.900%,,5.3563142,1.0036413,1.0063999,7.185855,7.251109755,0.900%
45,45,45,3.1945284,1.0001689,1.0037527,Atmospheric Temperature (deg C above preindustrial),0.8,0.939967612,1.089144925,1.247633993,1.415486525,1.592633084,1.77884928,1.973748352,2.176791474,2.387308868,2.604526419,2.827593918,3.055612271,3.287657918,3.522803427,3.760133617,3.998756732,4.237809981,4.476458163,4.711341135,4.941280625,5.165311861,5.382665833,5.592744447,5.795003631,5.988746683,6.173424168,6.348599864,6.513922375,6.669101266,6.813886754,6.948052116,7.071378112,7.183638769,7.284587931,7.373946011,7.451386323,7.516520326,7.568880954,7.607903007,7.632899191,7.643029819,7.638624186,7.622971758,7.598807904,7.568391983,7.522402001,7.464356366,7.397211505,7.323437615,7.245087498,7.163859768,7.081034755,6.997667668,6.914615557,6.832563201,6.752047233,6.673478183,6.600563392,6.562018888,4.443941,4.476458163,0.726%,,3.1945284,1.0001689,1.0037527,4.443941,4.476458163,0.726%
46,46,46,4.8763884,0.9996175,0.9986355,Atmospheric Temperature (deg C above preindustrial),0.8,1.008978651,1.227659369,1.455441631,1.691728973,1.9358671,2.187117262,2.444652844,2.707570193,2.974907145,3.245664706,3.518828889,3.793390882,4.068364542,4.342800848,4.615799315,4.886516688,5.154173448,5.418058875,5.674471575,5.923469156,6.165082999,6.399314967,6.626139919,6.845510519,7.057362483,7.261619347,7.458196355,7.647003369,7.827946805,8.000930694,8.165856973,8.322625108,8.471131147,8.611266276,8.742914942,8.865952576,8.980242953,9.085635174,9.181960288,9.269027502,9.346619942,9.414489873,9.472353224,9.519883145,9.556702031,9.567716548,9.557562443,9.53024385,9.489201506,9.437377855,9.377279132,9.310936231,9.240070379,9.166127914,9.090313349,9.013620151,8.936858947,8.861661475,8.811789281,5.497061,5.418058875,-1.458%,,4.8763884,0.9996175,0.9986355,5.497061,5.418058875,-1.458%
47,47,47,5.3153094,1.0013494,0.9948775,Atmospheric Temperature (deg C above preindustrial),0.8,1.024871397,1.259495295,1.502956203,1.754437877,2.013128607,2.278174648,2.548664594,2.823632541,3.102071623,3.382952281,3.665241697,3.947922273,4.230008134,4.51055938,4.788694508,5.063602042,5.334553324,5.600919696,5.858998658,6.109259853,6.351996399,6.587377014,6.815482159,7.036329553,7.249892418,7.456112631,7.654910182,7.846189902,8.029846111,8.205765669,8.373829748,8.533914603,8.68589151,8.829626018,8.964976627,9.091792951,9.20991342,9.319162565,9.419347868,9.510256182,9.591649692,9.663261326,9.724789489,9.77589186,9.816177689,9.830655214,9.823892007,9.79984053,9.761903345,9.71299575,9.655605795,9.59175506,9.523160788,9.451269697,9.377290202,9.302222444,9.226885858,9.152520878,9.10262936,5.649683,5.600919696,-0.871%,,5.3153094,1.0013494,0.9948775,5.649683,5.600919696,-0.871%
48,48,48,2.6458941,1.0011136,0.990163,Atmospheric Temperature (deg C above preindustrial),0.8,0.911864054,1.031266088,1.156512619,1.286177487,1.419018115,1.55392699,1.689904849,1.826046658,1.961534604,2.095634573,2.22769398,2.357139871,2.483476841,2.606284806,2.725217077,2.839999653,2.950433318,3.05640112,3.155513968,3.248915964,3.337491313,3.421909939,3.502667206,3.580117758,3.654503896,3.725979034,3.794626884,3.860476956,3.923516944,3.983702516,4.040964917,4.095216778,4.146356445,4.194271078,4.238838737,4.279929639,4.31740671,4.35112554,4.380933838,4.406670417,4.42816377,4.445230225,4.457671689,4.465272912,4.467798188,4.455775567,4.432578699,4.400986687,4.36327591,4.321299769,4.276558301,4.23019863,4.183139628,4.138368989,4.099125542,4.068535089,4.049523068,4.044731604,4.056506434,3.068909,3.05640112,-0.409%,,2.6458941,1.0011136,0.990163,3.068909,3.05640112,-0.409%
49,49,49,3.6633976,1.0023783,0.9984221,Atmospheric Temperature (deg C above preindustrial),0.8,0.961083485,1.131029041,1.309620338,1.496688702,1.692010022,1.895251494,2.105952269,2.323526053,2.54727682,2.776421331,3.010114112,3.24747212,3.487597456,3.729597403,3.972601762,4.215778085,4.458346149,4.699593962,4.936211901,5.167729833,5.393610417,5.613331226,5.826422455,6.032480745,6.231170551,6.422219357,6.605410167,6.780573078,6.947576864,7.106321002,7.256728312,7.398738229,7.532300679,7.657370467,7.773902109,7.881845,7.981138859,8.071619626,8.152779443,8.224130375,8.285185008,8.335438013,8.374347698,8.401316026,8.415665705,8.406521293,8.378483957,8.33548015,8.280843289,8.21738922,8.147486298,8.073016388,7.99555311,7.916398821,7.83661935,7.757076005,7.678454635,7.605314898,7.561199795,4.705639,4.699593962,-0.129%,,3.6633976,1.0023783,0.9984221,4.705639,4.699593962,-0.129%
50,50,50,3.8255133,1.0056054,1.0057391,Atmospheric Temperature (deg C above preindustrial),0.8,0.967954158,1.146533539,1.337307284,1.541901252,1.761792306,1.998171748,2.251865892,2.523302857,2.812422932,3.118356749,3.439887216,3.775491763,4.123386498,4.481567154,4.847842958,5.219860445,5.595114572,5.970944046,6.341768705,6.702339463,7.048134938,7.375363759,7.680835941,7.961793089,8.215729413,8.440209778,8.632678077,8.790240273,8.909396509,8.992491168,9.045914585,9.075155903,9.084907889,9.07916191,9.061293894,9.034141962,9.000076308,8.961061878,8.918714344,8.874349848,8.829029014,8.783595672,8.738710776,8.694881947,8.652489088,8.580780092,8.484699652,8.368565585,8.236129097,8.090639711,7.934914984,7.771077223,7.600965352,7.426159147,7.248004848,7.067640744,6.886021838,6.703943022,6.522060409,5.840998,5.970944046,2.176%,,3.8255133,1.0056054,1.0057391,5.840998,5.970944046,2.176%
51,51,51,2.5251476,0.9984164,1.0019118,Atmospheric Temperature (deg C above preindustrial),0.8,0.904965655,1.019042341,1.141523995,1.271716882,1.408903691,1.552329226,1.701200598,1.854696292,2.011979817,2.172214868,2.334579929,2.498281037,2.662562014,2.826711846,2.990069075,3.152023107,3.312012141,3.469516938,3.621715226,3.76851931,3.909912089,4.045906296,4.176523839,4.30178604,4.42170956,4.536305119,4.645577434,4.749525552,4.848143156,4.941418668,5.029335071,5.11186944,5.188992197,5.260666097,5.326844983,5.387472295,5.442479342,5.491783324,5.535285079,5.572866509,5.604387636,5.629683191,5.648558647,5.660785483,5.666095414,5.6518682,5.622532113,5.581752483,5.532546774,5.477384958,5.41827763,5.356769519,5.294106143,5.231278022,5.169060194,5.108047102,5.056025617,5.02257922,5.015881154,3.458655,3.469516938,0.313%,,2.5251476,0.9984164,1.0019118,3.458655,3.469516938,0.313%
52,52,52,5.0123359,1.0070637,1.0096993,Atmospheric Temperature (deg C above preindustrial),0.8,1.013960839,1.240877742,1.483704794,1.74557052,2.029460783,2.337775288,2.672021066,3.032969381,3.420613531,3.834176812,4.272156082,4.732386106,5.21211069,5.708047473,6.216433162,6.733033356,7.253093936,7.771195201,8.277831561,8.762656358,9.216622791,9.631504903,9.999245593,10.3111893,10.55974881,10.75435634,10.90330323,11.01385036,11.0923303,11.14424203,11.17433873,11.186709,11.18485167,11.17174464,11.14990774,11.12145987,11.08817074,11.05150738,11.01267572,10.97265762,10.93224358,10.89206159,10.85260232,10.81424117,10.77725726,10.68042541,10.5300666,10.33182794,10.09065461,9.810799436,9.495866639,9.148476129,8.770486272,8.363011263,7.92641725,7.460289857,6.963361908,6.433383434,5.866903849,7.706703,7.771195201,0.830%,,5.0123359,1.0070637,1.0096993,7.706703,7.771195201,0.830%
53,53,53,5.0292096,0.9981712,1.0005609,Atmospheric Temperature (deg C above preindustrial),0.8,1.014575274,1.239161799,1.473203237,1.716095481,1.967148295,2.22557333,2.490489629,2.760939698,3.035910931,3.314358719,3.595228762,3.877477059,4.160086725,4.442081241,4.72253399,5.000573983,5.275387534,5.546215224,5.809230979,6.064386421,6.311695541,6.551186002,6.782876633,7.006768889,7.222845364,7.43107148,7.631398302,7.823765399,8.008103229,8.184334856,8.352376944,8.512140051,8.663528287,8.8064384,8.940758344,9.066365377,9.18312373,9.290881845,9.389469202,9.4786927,9.558332554,9.628137632,9.687820072,9.737048915,9.775442168,9.787840858,9.778883995,9.75258245,9.712386008,9.661247631,9.601684933,9.535740428,9.46514696,9.391362289,9.315602011,9.238870234,9.161987709,9.085679841,9.034317535,5.635619,5.546215224,-1.612%,,5.0292096,0.9981712,1.0005609,5.635619,5.546215224,-1.612%
54,54,54,5.4493387,0.9949352,1.0004656,Atmospheric Temperature (deg C above preindustrial),0.8,1.029622025,1.26923605,1.51763824,1.773557386,2.035681889,2.302683898,2.57324156,2.846059286,3.119885566,3.393527911,3.665864636,3.935853408,4.202536595,4.465043516,4.722589629,4.974472509,5.220064061,5.458797692,5.68690551,5.905025732,6.113866517,6.31410171,6.506321975,6.691017142,6.868575337,7.039290407,7.20337284,7.360961509,7.512134842,7.65692077,7.795305194,7.927238927,8.052643206,8.171413885,8.283424451,8.388527994,8.486558251,8.577329817,8.660637617,8.73625567,8.803935205,8.863402109,8.91435367,8.956454456,8.98933102,8.999858635,8.992065372,8.969422551,8.934907129,8.891060554,8.840044306,8.783609445,8.723238943,8.660178266,8.595464316,8.529952277,8.46434012,8.406323064,8.371576465,5.558828,5.458797692,-1.832%,,5.4493387,0.9949352,1.0004656,5.558828,5.458797692,-1.832%
55,55,55,1.9064836,0.9958796,1.0057289,Atmospheric Temperature (deg C above preindustrial),0.8,0.862856912,0.937462796,1.022477639,1.116648072,1.218785305,1.327753246,1.442464362,1.561880679,1.685017603,1.810948678,1.938809967,2.067803144,2.197196755,2.326325262,2.454585518,2.581430078,2.706356195,2.828888177,2.946406939,3.058784545,3.166080092,3.268428638,3.365984059,3.458891653,3.547276708,3.631241256,3.710864717,3.786206119,3.857306687,3.924192233,3.986875069,4.045355405,4.0996222,4.149653541,4.195416572,4.236867042,4.273948482,4.306591047,4.334710016,4.358203935,4.376952379,4.390813262,4.399619615,4.403175693,4.401252191,4.382185105,4.350437257,4.309580229,4.26245508,4.211306407,4.157894843,4.103513646,4.049162326,3.995598491,3.945593273,3.904643266,3.877825774,3.869554339,3.883440974,2.804949,2.828888177,0.846%,,1.9064836,0.9958796,1.0057289,2.804949,2.828888177,0.846%
56,56,56,3.9751,1.0069071,0.9917544,Atmospheric Temperature (deg C above preindustrial),0.8,0.974136203,1.156843383,1.347687912,1.546449598,1.752942115,1.966912907,2.187995878,2.415697856,2.649405534,2.888403728,3.131898893,3.379044135,3.628963651,3.88077598,4.133616841,4.386664082,4.639170037,4.890510866,5.137484104,5.380073309,5.617848105,5.850222752,6.076589238,6.296381376,6.509101601,6.714328107,6.911712028,7.100969966,7.281874684,7.454245431,7.617938589,7.772838958,7.918851752,8.055895276,8.183894199,8.302773315,8.412451662,8.512836879,8.603819672,8.685268252,8.757022597,8.818888362,8.87032964,8.91063413,8.939061092,8.941377457,8.922473737,8.886549731,8.837193591,8.777455922,8.70991943,8.636658971,8.559421231,8.479662908,8.398586721,8.317174745,8.236218812,8.157333343,8.106447272,4.874757,4.890510866,0.322%,,3.9751,1.0069071,0.9917544,4.874757,4.890510866,0.322%
57,57,57,4.3189351,0.9936061,0.9951222,Atmospheric Temperature (deg C above preindustrial),0.8,0.987859541,1.183454423,1.384694172,1.589583385,1.796272757,2.003083471,2.208516309,2.411251898,2.610145769,2.804220287,2.992654722,3.174774219,3.350038161,3.51802829,3.678436783,3.831054437,3.975758977,4.112503399,4.238413154,4.354857778,4.463127518,4.564369603,4.659564043,4.749522073,4.834896677,4.916198785,4.993815359,5.068027299,5.139026044,5.206928383,5.271789308,5.333612941,5.392361667,5.447963643,5.500318855,5.549303917,5.594775756,5.636574338,5.674524559,5.70843739,5.738110381,5.763327566,5.783858827,5.799458707,5.809864639,5.806655939,5.792569103,5.7699175,5.740647707,5.706390131,5.668504697,5.628070732,5.585983824,5.54297964,5.50158033,5.465591239,5.438625655,5.424038658,5.424922295,4.221691,4.112503399,-2.655%,,4.3189351,0.9936061,0.9951222,4.221691,4.112503399,-2.655%
58,58,58,2.0943537,0.9952876,0.9971321,Atmospheric Temperature (deg C above preindustrial),0.8,0.877155897,0.963753855,1.057754189,1.157336646,1.260889841,1.366996925,1.474420418,1.582087406,1.689075456,1.794599286,1.897998097,1.998723503,2.096328009,2.19045401,2.280823289,2.36722697,2.449515791,2.52759049,2.599192218,2.665345886,2.726962129,2.784800821,2.83946635,2.891419064,2.940993734,2.988419916,3.033841511,3.077334229,3.118920514,3.158581872,3.196268795,3.231908572,3.265411278,3.296674235,3.325585208,3.352024557,3.375866539,3.396979894,3.415227853,3.430467645,3.442549571,3.451315684,3.456598095,3.458216902,3.455977719,3.445413848,3.42863972,3.407486148,3.383571344,3.358359519,3.333526323,3.310181995,3.289502587,3.272706956,3.261032295,3.255706509,3.257919063,3.268798882,3.289434368,2.552579,2.52759049,-0.989%,,2.0943537,0.9952876,0.9971321,2.552579,2.52759049,-0.989%
59,59,59,5.0632424,0.9934708,0.9949811,Atmospheric Temperature (deg C above preindustrial),0.8,1.015811979,1.24001378,1.47034823,1.704652729,1.940915573,2.177303599,2.412173322,2.644072432,2.871735586,3.094076705,3.310179138,3.519284513,3.720780813,3.914190059,4.099155843,4.275430865,4.4428645,4.601390311,4.747890995,4.883809484,5.010516431,5.12924021,5.241038814,5.346796026,5.44723072,5.542912504,5.634279707,5.721657445,5.805274552,5.885278816,5.961750299,6.034712756,6.104143236,6.16998005,6.232129257,6.290469842,6.344857753,6.395128933,6.441101472,6.482576974,6.519341248,6.551164355,6.577800074,6.598984787,6.614435701,6.615304659,6.604398586,6.584105753,6.556449245,6.523135484,6.485598438,6.444986249,6.4022598,6.358215962,6.313509171,6.271594762,6.237431855,6.215650375,6.210521515,4.67599,4.601390311,-1.621%,,5.0632424,0.9934708,0.9949811,4.67599,4.601390311,-1.621%
60,60,60,2.1506812,1.0016122,0.9935004,Atmospheric Temperature (deg C above preindustrial),0.8,0.881141367,0.971607811,1.069797352,1.174377199,1.284185397,1.398173843,1.515377633,1.634900416,1.755908872,1.877631824,1.999361257,2.120453668,2.240331023,2.358481155,2.474457935,2.587881997,2.698443442,2.805908887,2.907919354,3.005235737,3.098389715,3.187745744,3.273545735,3.355941665,3.435019575,3.510817321,3.583337704,3.652558147,3.718437746,3.780922318,3.839947906,3.895443079,3.947330305,3.995526581,4.039943465,4.080486643,4.117055073,4.149539791,4.177822384,4.201773146,4.221248914,4.236090532,4.246119907,4.251136539,4.250913387,4.234891817,4.207012169,4.170465164,4.127819002,4.081127165,4.032020385,3.98171609,3.931168356,3.88258548,3.839870885,3.806779536,3.786788207,3.782964185,3.797920109,2.781905,2.805908887,0.855%,,2.1506812,1.0016122,0.9935004,2.781905,2.805908887,0.855%
61,61,61,1.9874659,0.9956377,1.0014584,Atmospheric Temperature (deg C above preindustrial),0.8,0.869225991,0.949080427,1.037870875,1.134051122,1.236207001,1.34304548,1.453386836,1.566159093,1.680393728,1.795221828,1.909870076,2.023656212,2.135983761,2.246335907,2.354268423,2.459401404,2.56140934,2.660008493,2.752773107,2.840266215,2.923049654,3.00161923,3.076380927,3.147648643,3.215652224,3.280549545,3.342439317,3.401372956,3.457364836,3.510400709,3.560444374,3.607442765,3.65132968,3.692028368,3.729453157,3.76351031,3.794098212,3.82110702,3.844417822,3.863901376,3.879416443,3.890807698,3.897903221,3.900511468,3.898417619,3.881626597,3.853971351,3.818521451,3.77771952,3.733495482,3.687362727,3.641086118,3.597115648,3.557958217,3.526125323,3.504059065,3.494043265,3.498121253,3.518085358,2.665369,2.660008493,-0.202%,,1.9874659,0.9956377,1.0014584,2.665369,2.660008493,-0.202%
62,62,62,5.4102274,1.0013508,0.9996679,Atmospheric Temperature (deg C above preindustrial),0.8,1.028240198,1.267237125,1.516896955,1.777137572,2.047778464,2.328484555,2.618747188,2.917889431,3.225086108,3.539391581,3.859770449,4.185127962,4.51433822,4.846269169,5.179804114,5.513860026,5.847403454,6.179465501,6.505928215,6.826035234,7.13903625,7.44423837,7.741027579,8.028874246,8.307330378,8.576022854,8.834644912,9.082947113,9.32072837,9.547827355,9.764114388,9.969483815,10.16384687,10.34712493,10.51924316,10.68012442,10.82968337,10.96782079,11.09441793,11.20916459,11.31140906,11.40049754,11.47575133,11.53644351,11.58177307,11.59789816,11.58988322,11.56213291,11.51845614,11.46212976,11.39596135,11.32223556,11.24289951,11.15959926,11.07371477,10.98639282,10.89857722,10.81103645,10.74374634,6.20387,6.179465501,-0.395%,,5.4102274,1.0013508,0.9996679,6.20387,6.179465501,-0.395%
63,63,63,4.0084411,0.9958381,1.006199,Atmospheric Temperature (deg C above preindustrial),0.8,0.975495263,1.160566872,1.355101956,1.558825302,1.771299252,1.991935391,2.220014682,2.454712662,2.69512669,2.940302834,3.18926063,3.441014495,3.694591017,3.949041546,4.203449514,4.456931571,4.708630756,4.957698125,5.200460821,5.436226368,5.664608716,5.885389737,6.098442197,6.303687455,6.50107254,6.690557869,6.872110671,7.045701347,7.211301244,7.368881028,7.51840921,7.659850619,7.793164703,7.918303619,8.035210085,8.143814979,8.244034662,8.335768014,8.418893135,8.493263668,8.558704665,8.615007903,8.661926474,8.699168369,8.726388548,8.728684166,8.710751476,8.676618043,8.629720279,8.572975847,8.508851471,8.439327752,8.36606964,8.290463592,8.213652522,8.136568075,8.059960006,7.988586911,7.944409812,5.035573,4.957698125,-1.571%,,4.0084411,0.9958381,1.006199,5.035573,4.957698125,-1.571%
64,64,64,1.5767977,0.9983255,1.0050103,Atmospheric Temperature (deg C above preindustrial),0.8,0.832659899,0.880670938,0.941873158,1.014463329,1.096883752,1.187749117,1.285800767,1.389879889,1.498913073,1.611905351,1.727937226,1.84616333,1.965811161,2.086178893,2.206631566,2.326594939,2.445546011,2.562998321,2.676439509,2.785445743,2.889788153,2.98935932,3.084127566,3.174108048,3.259344112,3.339895036,3.415827804,3.48721147,3.554113206,3.61659548,3.674582613,3.727834383,3.776156677,3.81938314,3.85736052,3.889936643,3.916950154,3.938221335,3.953543391,3.962673603,3.965323638,3.961148345,3.949731838,3.930569505,3.905566967,3.868941727,3.824351231,3.774621019,3.721916518,3.667881665,3.61375159,3.560355406,3.508300813,3.458017407,3.413504872,3.380137773,3.362799163,3.365588119,3.391664245,2.519911,2.562998321,1.681%,,1.5767977,0.9983255,1.0050103,2.519911,2.562998321,1.681%
65,65,65,4.8166566,0.9976651,0.9969489,Atmospheric Temperature (deg C above preindustrial),0.8,1.006770909,1.222606787,1.446291649,1.676638198,1.912468288,2.152608845,2.395897428,2.641192962,2.887388469,3.133423652,3.378296023,3.621069909,3.86088308,4.096951057,4.328569332,4.555113848,4.776040175,4.990881864,5.196203004,5.392766687,5.581276972,5.762339381,5.936449228,6.103994609,6.265266397,6.420470885,6.56974272,6.713156913,6.850739378,6.982475837,7.108319098,7.228194827,7.342005965,7.449635943,7.550950849,7.645800673,7.734019744,7.815426443,7.889822252,7.956990202,8.016692712,8.068668837,8.112630849,8.148260031,8.175201379,8.180704514,8.168743293,8.14272863,8.105574016,8.059756596,8.007374242,7.950117925,7.889413074,7.826450633,7.762216314,7.69751761,7.633008371,7.579082636,7.549184693,5.094682,4.990881864,-2.080%,,4.8166566,0.9976651,0.9969489,5.094682,4.990881864,-2.080%
66,66,66,5.4955099,1.0064229,1.0061375,Atmospheric Temperature (deg C above preindustrial),0.8,1.031248704,1.275351492,1.534525852,1.811120867,2.107334101,2.425014245,2.765537566,3.129747293,3.51735697,3.927473615,4.358675934,4.809070215,5.276352564,5.757870095,6.250675142,6.751567367,7.257118448,7.76367245,8.264054574,8.751292438,9.21931621,9.662903841,10.07746175,10.45875409,10.80261429,11.104638,11.35983794,11.56222618,11.71853814,11.83598458,11.92086908,11.97867815,12.01416535,12.03142941,12.03398671,12.02483795,12.0065295,11.98120917,11.95067689,11.91643038,11.87970607,11.84151558,11.80267808,11.76384878,11.72554401,11.64745029,11.53517447,11.39375315,11.2276622,11.04085183,10.83680214,10.6182369,10.38749735,10.14658299,9.89719107,9.640753848,9.378473131,9.11135166,8.840221329,7.667068,7.76367245,1.244%,,5.4955099,1.0064229,1.0061375,7.667068,7.76367245,1.244%
67,67,67,4.9723821,0.9940441,0.9950353,Atmospheric Temperature (deg C above preindustrial),0.8,1.01250256,1.233392974,1.46053286,1.691872852,1.925498793,2.15965536,2.392756569,2.623388455,2.8503069,3.0724323,3.288842126,3.498762032,3.701555994,3.896715837,4.083850407,4.262674567,4.432998126,4.594714685,4.744696244,4.884334822,5.014948467,5.137714039,5.253640934,5.363568309,5.468174879,5.567994689,5.66343499,5.754794044,5.842277717,5.926014323,6.006067554,6.082447493,6.155119835,6.224013489,6.28902671,6.350031958,6.406879626,6.459400779,6.50740903,6.550701649,6.589059985,6.622249268,6.650017809,6.672095606,6.688192277,6.689095526,6.677727827,6.656576915,6.627750975,6.593028814,6.553905662,6.511578835,6.467050534,6.421152001,6.374565942,6.329949409,6.292866266,6.268509762,6.261651759,4.680001,4.594714685,-1.856%,,4.9723821,0.9940441,0.9950353,4.680001,4.594714685,-1.856%
68,68,68,3.0876443,0.9962384,1.0018593,Atmospheric Temperature (deg C above preindustrial),0.8,0.934833256,1.078116071,1.229051449,1.38679579,1.55046393,1.719139511,1.891888883,2.06777661,2.245880917,2.425307812,2.605203065,2.784761579,2.963233965,3.139930284,3.314220908,3.485534359,3.653351599,3.817195584,3.974105208,4.124360935,4.268312902,4.406303011,4.538629105,4.66553219,4.78719563,4.903750006,5.015280154,5.12183254,5.223422028,5.320037667,5.411647364,5.498201466,5.579635354,5.655871141,5.7268186,5.792375412,5.852426805,5.906844662,5.95548612,5.998191683,6.034782846,6.065059196,6.088794922,6.105734599,6.115588021,6.106320764,6.081983667,6.045976908,6.001139615,5.949829813,5.89399617,5.835164129,5.774584702,5.713271728,5.652035852,5.591515042,5.538452651,5.50216157,5.490795688,3.873964,3.817195584,-1.487%,,3.0876443,0.9962384,1.0018593,3.873964,3.817195584,-1.487%
69,69,69,5.2449671,0.9951891,0.9931243,Atmospheric Temperature (deg C above preindustrial),0.8,1.022360314,1.253194116,1.490221504,1.731306143,1.974478628,2.217946794,2.460098618,2.699500686,2.934893764,3.165186358,3.389446788,3.606894184,3.816888751,4.018921625,4.212604627,4.397660256,4.573912308,4.741277573,4.896580571,5.041302431,5.176813179,5.30431974,5.42484889,5.539249944,5.648207703,5.752260004,5.851816558,5.947177255,6.038549001,6.126060667,6.209776052,6.289704903,6.365812139,6.438025433,6.506241354,6.570330226,6.630139859,6.685498301,6.736215731,6.782085572,6.822884938,6.858374438,6.888297401,6.912378486,6.930321614,6.932817063,6.922798518,6.902767566,6.874847934,6.840834942,6.802240755,6.76027919,6.715968648,6.670156021,6.623538946,6.577923852,6.539269651,6.513155229,6.504719295,4.790222,4.741277573,-1.032%,,5.2449671,0.9951891,0.9931243,4.790222,4.741277573,-1.032%
70,70,70,2.7990916,1.0037696,0.9935032,Atmospheric Temperature (deg C above preindustrial),0.8,0.920193776,1.048539646,1.184156799,1.326343552,1.474460655,1.62786877,1.785900863,1.947856057,2.113005691,2.280605455,2.44990968,2.620185489,2.790725643,2.960859833,3.129964867,3.297475114,3.462895666,3.62582249,3.783557625,3.936486489,4.084738021,4.228304197,4.367108377,4.501043812,4.629994764,4.753847539,4.872495671,4.985841737,5.09379725,5.196281463,5.293219564,5.384540548,5.470174909,5.550052219,5.624098648,5.692234407,5.754371097,5.810408949,5.860233888,5.903714382,5.940697982,5.971007482,5.994436547,6.010744625,6.019650836,6.008333921,5.981181865,5.941859974,5.893413825,5.838360321,5.778768738,5.716248019,5.652110027,5.587411108,5.522989705,5.45949995,5.402672014,5.363441469,5.351296215,3.604083,3.62582249,0.600%,,2.7990916,1.0037696,0.9935032,3.604083,3.62582249,0.600%
71,71,71,5.3897902,1.0066469,0.9945275,Atmospheric Temperature (deg C above preindustrial),0.8,1.027516697,1.265590562,1.514274272,1.773805956,2.04440044,2.326128818,2.618859186,2.922238393,3.235699976,3.558487648,3.889686878,4.228259643,4.573079445,4.922965394,5.276715872,5.633144477,5.991124301,6.349652223,6.704729534,7.055473642,7.400657535,7.739011362,8.069363131,8.3906959,8.702092552,9.002402069,9.290674474,9.56612244,9.828086953,10.07600688,10.30939205,10.52779887,10.73080815,10.91800424,11.08895512,11.24319246,11.38019115,11.49934728,11.59995362,11.68117148,11.74199695,11.78122075,11.80209933,11.80812644,11.80228315,11.7739906,11.72741293,11.66615102,11.59330067,11.51151042,11.42303853,11.32966936,11.23291982,11.13406725,11.03417685,10.93412781,10.83463753,10.73628381,10.65503662,6.29605,6.349652223,0.844%,,5.3897902,1.0066469,0.9945275,6.29605,6.349652223,0.844%
72,72,72,3.7503938,0.9999188,1.0058393,Atmospheric Temperature (deg C above preindustrial),0.8,0.964793914,1.139411549,1.324365796,1.520077573,1.726795123,1.944553509,2.173163957,2.412224141,2.661141952,2.919166777,3.18542368,3.458947137,3.73871199,4.023660049,4.3127212,4.604827954,4.898921971,5.193884832,5.485495627,5.771469221,6.049946914,6.319430622,6.578718858,6.826848856,7.063046009,7.286680325,7.497229023,7.694244187,7.877324383,8.046089169,8.200155496,8.339114994,8.462511106,8.569814926,8.660398372,8.733503011,8.788202272,8.823354001,8.838816899,8.838574447,8.825993038,8.803901055,8.774659793,8.740226834,8.702212444,8.647904096,8.580771534,8.503765003,8.419379348,8.329714345,8.236532077,8.141160378,8.044713411,7.948113832,7.852115089,7.757322923,7.664215492,7.573161816,7.512806979,5.163122,5.193884832,0.592%,,3.7503938,0.9999188,1.0058393,5.163122,5.193884832,0.592%
73,73,73,3.8173162,1.0022259,0.9977675,Atmospheric Temperature (deg C above preindustrial),0.8,0.967611196,1.14407266,1.329064185,1.522320164,1.723529107,1.932282307,2.148055587,2.370212201,2.598018185,2.830664018,3.067288437,3.307001781,3.548907363,3.792120251,4.035783535,4.279082758,4.521259981,4.761629963,4.996867511,5.226687605,5.450711532,5.668544782,5.879815923,6.084193847,6.281393245,6.471173879,6.653336719,6.827718667,6.994186775,7.152632436,7.302965773,7.445110307,7.578997927,7.704564129,7.821743462,7.930465131,8.030648676,8.122199645,8.205005182,8.27892942,8.343808582,8.399445631,8.445604279,8.482002033,8.508301738,8.509380121,8.490034891,8.454374137,8.405897545,8.347571871,8.281901337,8.21089249,8.136229118,8.059310627,7.981288068,7.903097333,7.825489317,7.753489288,7.709514805,4.784353,4.761629963,-0.477%,,3.8173162,1.0022259,0.9977675,4.784353,4.761629963,-0.477%
74,74,74,4.7987614,0.995023,1.0082244,Atmospheric Temperature (deg C above preindustrial),0.8,1.006107164,1.22282997,1.450266146,1.688309524,1.936648677,2.194779202,2.46202601,2.737571828,3.020488482,3.309768135,3.604352336,3.903157346,4.205094658,4.509085851,4.814070847,5.119008096,5.422864,5.724586128,6.020008542,6.307961846,6.587727101,6.858846664,7.121017082,7.374028371,7.617729339,7.852007458,8.076776759,8.291970111,8.497533831,8.693423508,8.879600411,9.056028163,9.222669478,9.379482873,9.526419287,9.663418561,9.790405747,9.907287193,10.01394636,10.11023929,10.19598971,10.27098346,10.33496233,10.38742054,10.42752532,10.43984658,10.42932991,10.40025705,10.35631506,10.30066313,10.23599704,10.16450382,10.08803972,10.00816689,9.926188361,9.84318071,9.76002405,9.677429227,9.618675291,5.822354,5.724586128,-1.708%,,4.7987614,0.995023,1.0082244,5.822354,5.724586128,-1.708%
75,75,75,2.2937779,1.0015812,0.9924369,Atmospheric Temperature (deg C above preindustrial),0.8,0.890746022,0.990146058,1.096618563,1.208842883,1.325665418,1.446045752,1.56902795,1.693726958,1.819323472,1.945063032,2.070256772,2.194282403,2.316584782,2.436675994,2.554135315,2.668609937,2.779817994,2.887556394,2.989455739,3.086396744,3.179015289,3.26776202,3.352947273,3.434775206,3.513369878,3.588795207,3.661070213,3.730180614,3.796087553,3.85873409,3.918049904,3.973954606,4.02635992,4.075170977,4.120286893,4.161600744,4.198999063,4.232360905,4.261556539,4.286445783,4.306875986,4.322679639,4.333671561,4.339645596,4.34037065,4.325551998,4.29897081,4.263707978,4.222258997,4.176632253,4.128433552,4.078872058,4.028902811,3.980694552,3.938080274,3.904749023,3.884125867,3.879251579,3.892744055,2.873356,2.887556394,0.492%,,2.2937779,1.0015812,0.9924369,2.873356,2.887556394,0.492%
76,76,76,3.9759585,1.0059528,1.0097567,Atmospheric Temperature (deg C above preindustrial),0.8,0.97417128,1.159843769,1.359411607,1.575353221,1.809981932,2.065148111,2.34190005,2.640692518,2.961365744,3.303161653,3.664765096,4.044358225,4.439677236,4.848061927,5.266489144,5.691580395,6.119570437,6.54621492,6.963811355,7.364038894,7.739851736,8.08517507,8.394480672,8.662309945,8.882726532,9.050610453,9.174497894,9.26179809,9.31891656,9.351367047,9.363873318,9.36046175,9.344545408,9.319000222,9.286233773,9.248247158,9.206690393,9.162911769,9.118001627,9.072830961,9.028085308,8.984294329,8.941857509,8.901066367,8.862123555,8.776481779,8.650264983,8.488877699,8.297049774,8.07889797,7.838004972,7.577006553,7.298094136,7.003048795,6.693273005,6.369818999,6.033412743,5.684472629,5.323121974,6.43989,6.54621492,1.624%,,3.9759585,1.0059528,1.0097567,6.43989,6.54621492,1.624%
77,77,77,2.3982585,0.9998497,1.0051058,Atmospheric Temperature (deg C above preindustrial),0.8,0.897346989,1.00466366,1.121759683,1.248432503,1.384400051,1.529267556,1.68251882,1.843523994,2.011557427,2.185820585,2.365466424,2.549622634,2.737412136,2.92796979,3.12045466,3.314057246,3.508000745,3.701534574,3.891622279,4.077057297,4.256683148,4.42950705,4.594781233,4.751947751,4.900592544,5.040407617,5.171160019,5.292666314,5.404771381,5.507330488,5.600193746,5.683192128,5.756124298,5.818743527,5.87074391,5.911745024,5.941273915,5.958742957,5.963421527,5.95439835,5.934606559,5.906966779,5.873837557,5.837107037,5.798271366,5.747237802,5.687212001,5.620816515,5.550183285,5.477034363,5.402753264,5.328324475,5.254534437,5.18199848,5.111186091,5.042443994,4.976016806,4.927307302,4.91659472,3.623785,3.701534574,2.100%,,2.3982585,0.9998497,1.0051058,3.623785,3.701534574,2.100%
78,78,78,1.6008949,0.9926063,0.9962155,Atmospheric Temperature (deg C above preindustrial),0.8,0.835155223,0.883678194,0.942014132,1.007194782,1.076779948,1.148789298,1.221634952,1.294059662,1.365082322,1.433951004,1.500103,1.563131063,1.622754997,1.678797747,1.731165246,1.779829293,1.824812779,1.866176556,1.901960771,1.933380785,1.961475298,1.987083859,2.010854189,2.033263772,2.054646592,2.075220032,2.09510941,2.114369138,2.133000291,2.150964763,2.16819642,2.184609684,2.200105997,2.214578557,2.227915667,2.240002992,2.250724945,2.259965406,2.267607892,2.273535323,2.278027933,2.281372772,2.283806046,2.285528897,2.286720125,2.287546488,2.288171073,2.288760055,2.289488057,2.290542185,2.292254148,2.294824306,2.298499728,2.303567555,2.310348991,2.319193661,2.330474968,2.344589527,2.361975322,1.890273,1.866176556,-1.291%,,1.6008949,0.9926063,0.9962155,1.890273,1.866176556,-1.291%
79,79,79,4.5260205,0.995078,0.9903973,Atmospheric Temperature (deg C above preindustrial),0.8,0.995848325,1.198996182,1.406900179,1.617255201,1.828010025,2.037366358,2.243769302,2.44589348,2.642627129,2.833055356,3.016443252,3.192219293,3.359959302,3.519371232,3.670281013,3.812619737,3.94641261,4.071770219,4.185927681,4.290468515,4.386825104,4.47624378,4.55977768,4.638295109,4.712495749,4.782930066,4.850019229,4.914074064,4.975312318,5.033873914,5.089834181,5.143215114,5.193994846,5.242115497,5.287489601,5.330005275,5.369530297,5.405915238,5.438995764,5.468594229,5.494520627,5.516572984,5.53453724,5.548186639,5.557280609,5.55440428,5.541966404,5.522001079,5.496218332,5.466049375,5.432687292,5.397078866,5.360009515,5.323788214,5.291022648,5.264247233,5.245884743,5.238213778,5.243385231,4.131022,4.071770219,-1.455%,,4.5260205,0.995078,0.9903973,4.131022,4.071770219,-1.455%
80,80,80,4.0526278,0.9969203,1.0036457,Atmospheric Temperature (deg C above preindustrial),0.8,0.977286423,1.163914804,1.359574894,1.563847246,1.776189594,1.995939622,2.222328951,2.454503861,2.691549081,2.932511901,3.17642468,3.422324503,3.669269244,3.91634959,4.162696678,4.407484822,4.649928292,4.889269975,5.121949235,5.347609377,5.566076431,5.777266665,5.981137208,6.177660686,6.366812949,6.548567677,6.722894398,6.889758038,7.049118964,7.200933031,7.34515137,7.481719831,7.610578053,7.731658153,7.844883065,7.950164537,8.047400783,8.136473795,8.217246289,8.289558248,8.353223009,8.408022793,8.453703543,8.489968801,8.516472162,8.518660839,8.501123619,8.467794094,8.422027064,8.366669754,8.304128396,8.236334654,8.164911852,8.091211359,8.016346812,7.941225692,7.866578051,7.798797487,7.757971319,4.971896,4.889269975,-1.690%,,4.0526278,0.9969203,1.0036457,4.971896,4.889269975,-1.690%
81,81,81,1.7314757,0.996576,0.9987747,Atmospheric Temperature (deg C above preindustrial),0.8,0.847806847,0.908049881,0.978290078,1.05644249,1.140713461,1.229552811,1.321617573,1.4157442,1.510926757,1.606299188,1.701120326,1.794760741,1.886690849,1.976469893,2.063735585,2.148194164,2.229610647,2.307798867,2.380523746,2.448572938,2.512634091,2.573266897,2.630902847,2.685858084,2.738351163,2.788521408,2.836445721,2.882153007,2.925636007,2.966860672,3.005773374,3.042306277,3.076381192,3.107912191,3.136807229,3.16296897,3.186294967,3.206677317,3.224001879,3.238147107,3.248982533,3.256366904,3.26014597,3.260149872,3.256190086,3.243490613,3.224424139,3.200996359,3.17494402,3.14781462,3.121391185,3.09680739,3.075281195,3.058088321,3.04653269,3.041911693,3.045478391,3.058410965,3.081830452,2.30688,2.307798867,0.040%,,1.7314757,0.996576,0.9987747,2.30688,2.307798867,0.040%
82,82,82,4.1951913,0.9932699,1.007674,Atmospheric Temperature (deg C above preindustrial),0.8,0.982991827,1.175633872,1.377599282,1.588347088,1.807167676,2.03322176,2.265575346,2.503231415,2.745158229,2.990313892,3.237666816,3.486211825,3.734981704,3.983053978,4.229552464,4.473642637,4.714518768,4.951378565,5.180523577,5.401578887,5.614511261,5.819441217,6.016542151,6.205988976,6.387934279,6.562499303,6.72977251,6.889811657,7.042647189,7.188285774,7.326713421,7.457897926,7.581790573,7.698327097,7.807427951,7.908997937,8.002925231,8.089079865,8.167311653,8.237447594,8.299288703,8.352606224,8.397137114,8.432578578,8.458581236,8.461067375,8.444465404,8.412571963,8.368625567,8.315375275,8.255144888,8.189801056,8.120913076,8.049787948,7.977503361,7.904938125,7.832799861,7.768654007,7.73072322,5.070757,4.951378565,-2.411%,,4.1951913,0.9932699,1.007674,5.070757,4.951378565,-2.411%
83,83,83,4.2661791,0.9977789,0.9914849,Atmospheric Temperature (deg C above preindustrial),0.8,0.985793402,1.179194317,1.378259696,1.581229781,1.786504077,1.992627023,2.198279643,2.402274468,2.603551851,2.801176502,2.994333605,3.182324272,3.364560339,3.540558742,3.709935853,3.872402404,4.027759884,4.17589978,4.313933101,4.443218778,4.564947138,4.680123512,4.789572339,4.893951757,4.993772702,5.089419071,5.181167077,5.269202873,5.353638044,5.434522901,5.511857676,5.585601786,5.655681365,5.721995287,5.784419862,5.842812384,5.897013685,5.946849826,5.992133031,6.032661947,6.068221306,6.098581011,6.123494692,6.142697679,6.155904316,6.153582578,6.138815511,6.114216377,6.081989764,6.043986849,6.001755573,5.956527369,5.909326591,5.860996886,5.812225573,5.766706481,5.729879475,5.706781765,5.701984263,4.263578,4.17589978,-2.100%,,4.2661791,0.9977789,0.9914849,4.263578,4.17589978,-2.100%
84,84,84,4.4809158,1.0011827,0.9990734,Atmospheric Temperature (deg C above preindustrial),0.8,0.99412402,1.197813583,1.410818896,1.632905484,1.863763259,2.102961721,2.349936471,2.603995809,2.864339137,3.130081225,3.400278294,3.67395331,3.950118978,4.22779772,4.50603855,4.783931207,5.060618413,5.335307681,5.604343705,5.867306472,6.123750137,6.373246124,6.615403679,6.849877886,7.076370839,7.294629174,7.504439767,7.705624603,7.898035349,8.081547924,8.256057196,8.421471863,8.577709524,8.724691906,8.862340225,8.990570612,9.109289555,9.218389288,9.317743045,9.407200098,9.486580463,9.555669148,9.614209701,9.661896727,9.698366695,9.707737677,9.694915696,9.664136161,9.61903638,9.562724745,9.497846708,9.426542401,9.350623412,9.271609824,9.190765395,9.109130298,9.027551122,8.946708015,8.89168385,5.384174,5.335307681,-0.916%,,4.4809158,1.0011827,0.9990734,5.384174,5.335307681,-0.916%
85,85,85,1.9962475,1.0005378,1.0077607,Atmospheric Temperature (deg C above preindustrial),0.8,0.869897017,0.951715539,1.045168023,1.150019097,1.265988658,1.39269654,1.529638446,1.676184279,1.83159133,1.995026162,2.165590393,2.342292297,2.523876847,2.709125328,2.896858676,3.0859352,3.275239843,3.463659959,3.647868298,3.825650332,3.995332647,4.155680244,4.305795171,4.445026737,4.572895704,4.689031478,4.793120037,4.884859941,4.96392369,5.029921725,5.082366173,5.120631041,5.14390456,5.151127584,5.14184416,5.120400751,5.090278614,5.054244852,5.014478924,4.97267854,4.930148209,4.887873156,4.846580881,4.80679228,4.768863951,4.717577345,4.656494087,4.588486358,4.515858045,4.440448007,4.363719517,4.286664439,4.210075032,4.134571195,4.060626245,3.988590522,3.918712494,3.866811555,3.866396879,3.354476,3.463659959,3.152%,,1.9962475,1.0005378,1.0077607,3.354476,3.463659959,3.152%
86,86,86,2.1046871,1.0016008,1.0040032,Atmospheric Temperature (deg C above preindustrial),0.8,0.877896482,0.966755508,1.066149669,1.175734631,1.295147527,1.423950289,1.561605235,1.707472724,1.8608228,2.020854625,2.186719163,2.357541938,2.532443808,2.710558555,2.891046607,3.073104569,3.255951865,3.438462194,3.617382418,3.791110864,3.9583543,4.118110832,4.269626395,4.41234471,4.545859452,4.669871935,4.784154973,4.888522415,4.982803344,5.06681979,5.140366764,5.203193431,5.254984172,5.295338157,5.323745774,5.339559688,5.341957369,5.329973512,5.307411902,5.277326846,5.242151433,5.203805661,5.163787476,5.123249303,5.083062223,5.031323105,4.97122864,4.905359185,4.83578439,4.764153714,4.691775056,4.619544613,4.548170579,4.478199624,4.410041694,4.343992555,4.280253841,4.237694296,4.237638601,3.335109,3.438462194,3.006%,,2.1046871,1.0016008,1.0040032,3.335109,3.438462194,3.006%
87,87,87,2.2097225,0.9997874,0.9960923,Atmospheric Temperature (deg C above preindustrial),0.8,0.885189963,0.979638617,1.08187061,1.190606537,1.304696356,1.423081524,1.544775659,1.66885642,1.794463626,1.920800306,2.047134609,2.172801439,2.297203254,2.419809911,2.540157759,2.657848422,2.77254801,2.883987932,2.98973356,3.090448298,3.18664889,3.278724594,3.366958217,3.451546145,3.532616104,3.610242189,3.684457189,3.755262421,3.822635395,3.886535638,3.946908989,4.003690628,4.056807085,4.106177405,4.15171363,4.193320716,4.230895961,4.264328034,4.293495603,4.318265627,4.338491262,4.35400939,4.364637701,4.37017123,4.370378211,4.354649423,4.326910098,4.290348716,4.247539908,4.200549144,4.151022387,4.100193693,4.049034054,3.998869673,3.953944521,3.918342315,3.895847418,3.889801082,3.903045862,2.874599,2.883987932,0.326%,,2.2097225,0.9997874,0.9960923,2.874599,2.883987932,0.326%
88,88,88,1.5354779,0.9943448,1.0016978,Atmospheric Temperature (deg C above preindustrial),0.8,0.82824979,0.871713143,0.927231842,0.992141831,1.06419835,1.141510854,1.222488214,1.305793236,1.390304999,1.475087505,1.5593633,1.64249096,1.723945572,1.803301478,1.880216635,1.954417898,2.025686345,2.093841303,2.156694785,2.215009106,2.269496427,2.320757557,2.369265554,2.415371799,2.459321862,2.501274282,2.541318739,2.579492067,2.615791555,2.650185554,2.682621649,2.713032756,2.741341495,2.767463176,2.791307674,2.81278044,2.831782809,2.848211762,2.86195924,2.872911075,2.880945585,2.885931849,2.887727655,2.886177112,2.881107877,2.871106604,2.857704318,2.842179429,2.825630665,2.809035138,2.793588348,2.779999594,2.76905967,2.761619948,2.758571792,2.760824307,2.769281429,2.784825739,2.808341592,2.101947,2.093841303,-0.387%,,1.5354779,0.9943448,1.0016978,2.101947,2.093841303,-0.387%
89,89,89,4.0351546,1.007132,1.0074091,Atmospheric Temperature (deg C above preindustrial),0.8,0.976579468,1.164494796,1.365982469,1.583401191,1.818971992,2.074591464,2.351667181,2.650602984,2.971214277,3.312739361,3.673875962,4.052831497,4.447376914,4.854895416,5.272418484,5.696641804,6.123912297,6.550173461,6.968044718,7.369796421,7.748795261,8.099330026,8.416274304,8.694687952,8.929365349,9.114286773,9.252586629,9.351994962,9.419207749,9.460000705,9.479332897,9.481441118,9.46992573,9.447828597,9.417703598,9.38168019,9.341520448,9.298670011,9.254303356,9.209363823,9.164598826,9.120590662,9.077783328,9.036505765,8.996991868,8.91357108,8.79223138,8.638267446,8.456326071,8.250467298,8.02424131,7.780300397,7.520893394,7.247900508,6.962867292,6.66703673,6.361378705,6.046616331,5.723248814,6.414665,6.550173461,2.069%,,4.0351546,1.007132,1.0074091,6.414665,6.550173461,2.069%
90,90,90,2.9910035,1.0037222,0.9989305,Atmospheric Temperature (deg C above preindustrial),0.8,0.930065392,1.069009,1.216739283,1.373239757,1.538446789,1.71218299,1.894129224,2.083822293,2.280668568,2.483966454,2.692932659,2.90672893,3.124487221,3.345332309,3.568401701,3.792863491,4.017933723,4.242896105,4.464650589,4.682328038,4.895012966,5.10187043,5.302195321,5.495149722,5.679959462,5.856012659,6.022825845,6.180013752,6.327262951,6.46430901,6.590916615,6.706862014,6.811917145,6.905834785,6.988334096,7.059085854,7.117696605,7.163690811,7.196489808,7.215385943,7.21950961,7.210205634,7.190642693,7.163439512,7.130744912,7.083088553,7.023950955,6.956242421,6.882382503,6.804371607,6.723856208,6.642065338,6.560006249,6.478491661,6.398165795,6.319528541,6.242957436,6.174806721,6.142140995,4.178681,4.242896105,1.513%,,2.9910035,1.0037222,0.9989305,4.178681,4.242896105,1.513%
91,91,91,2.6108802,0.9979557,0.9967475,Atmospheric Temperature (deg C above preindustrial),0.8,0.909896076,1.02798354,1.152910964,1.283440478,1.418419653,1.556767288,1.697468087,1.839572432,1.98219855,2.124535273,2.265844305,2.40546143,2.542796469,2.677332015,2.808621163,2.936284524,3.060006932,3.179534329,3.292311372,3.399126302,3.500662775,3.597482109,3.690025291,3.778624482,3.863518169,3.944866814,4.022767384,4.09726607,4.168368974,4.236050825,4.300261893,4.360933316,4.41798108,4.471308834,4.520809754,4.566367582,4.607856979,4.645143283,4.678081748,4.706516308,4.730277883,4.749182246,4.763027404,4.77159043,4.774623616,4.76183951,4.736887526,4.702777573,4.66197816,4.616501724,4.56797922,4.517659254,4.466543487,4.41542397,4.367597864,4.327659483,4.299898522,4.288153259,4.295748591,3.209913,3.179534329,-0.955%,,2.6108802,0.9979557,0.9967475,3.209913,3.179534329,-0.955%
92,92,92,2.190034,0.9946395,1.0013382,Atmospheric Temperature (deg C above preindustrial),0.8,0.883853898,0.977236457,1.078593365,1.186454642,1.299447325,1.416301296,1.535851601,1.657038766,1.778907686,1.900605291,2.021377061,2.140562442,2.25758923,2.371966965,2.483279303,2.591175167,2.695358174,2.795573282,2.88935908,2.977399963,3.060379465,3.138905525,3.213481681,3.284502951,3.352263947,3.41697212,3.478762258,3.537710262,3.593845293,3.647159968,3.697618636,3.745163872,3.789721417,3.831203787,3.869512762,3.904540949,3.936172552,3.964283499,3.988740999,4.009402605,4.026114825,4.038711291,4.04701048,4.050812937,4.049897889,4.034641632,4.008640152,3.974803202,3.935470784,3.892512001,3.847409389,3.801588459,3.7575584,3.717870173,3.685068019,3.661621685,3.64984564,3.651824631,3.66940768,2.820005,2.795573282,-0.874%,,2.190034,0.9946395,1.0013382,2.820005,2.795573282,-0.874%
93,93,93,2.3148446,0.995808,0.9983153,Atmospheric Temperature (deg C above preindustrial),0.8,0.892102982,0.993017121,1.101114428,1.214893985,1.332978829,1.454112016,1.57715285,1.701073339,1.82495459,1.947982817,2.069444773,2.188722495,2.305287383,2.418693669,2.528571359,2.634618658,2.7365938,2.834305981,2.925336592,3.010554221,3.090753387,3.16660935,3.238666547,3.307344509,3.372951847,3.435702979,3.495734763,3.553121626,3.607888624,3.660022319,3.709479561,3.756194403,3.800083401,3.841049525,3.87898492,3.913772699,3.945287931,3.973397957,3.997962121,4.018831003,4.035845194,4.048833637,4.057611532,4.061977774,4.061711822,4.047565543,4.022952683,3.990648746,3.95289668,3.91149714,3.867885982,3.824090962,3.782378352,3.745058453,3.714440246,3.6927717,3.682170727,3.684563502,3.701685436,2.864128,2.834305981,-1.052%,,2.3148446,0.995808,0.9983153,2.864128,2.834305981,-1.052%
94,94,94,2.3874835,1.003763,1.0066532,Atmospheric Temperature (deg C above preindustrial),0.8,0.896680716,1.00400613,1.122574825,1.253021685,1.395873101,1.551457831,1.719861705,1.900915777,2.094208678,2.298835527,2.513602386,2.737180521,2.96813694,3.204961087,3.446085176,3.689896074,3.934736297,4.17889023,4.418257377,4.649297016,4.869126453,5.07547136,5.266548934,5.440937006,5.597448616,5.73501658,5.852585555,5.949005394,6.022916425,6.072612955,6.095863568,6.098464603,6.085248752,6.060184344,6.026508702,5.986842852,5.943290124,5.897520801,5.850844651,5.804272917,5.758571122,5.714303889,5.671872825,5.63154841,5.593496683,5.535016006,5.46056833,5.373871773,5.278013527,5.175550844,5.06860335,4.958673215,4.847017288,4.734673681,4.622488435,4.51114105,4.401168229,4.292985468,4.236785201,4.036966,4.17889023,3.396%,,2.3874835,1.003763,1.0066532,4.036966,4.17889023,3.396%
95,95,95,2.513726,0.9931007,0.9930742,Atmospheric Temperature (deg C above preindustrial),0.8,0.904296197,1.015928366,1.132498176,1.251871851,1.372202666,1.491926066,1.609741357,1.724587597,1.83561775,1.942173225,2.043759826,2.140025558,2.230740468,2.315778503,2.395101313,2.468743888,2.536801903,2.599420643,2.654455439,2.703260242,2.747036275,2.786801383,2.823387485,2.857453131,2.889503103,2.919910283,2.948937124,2.976755364,3.003463385,3.02910107,3.053662252,3.077104951,3.099359673,3.12033602,3.139927865,3.158017325,3.174477713,3.189175649,3.201972469,3.212725043,3.221286095,3.227504113,3.231222882,3.232280717,3.230509411,3.226005251,3.219531741,3.211774022,3.203360687,3.194881528,3.18707364,3.180426264,3.175473859,3.172785304,3.172954078,3.176588635,3.184303633,3.196715981,3.214464219,2.653665,2.599420643,-2.087%,,2.513726,0.9931007,0.9930742,2.653665,2.599420643,-2.087%
96,96,96,2.1803908,1.001443,1.003173,Atmospheric Temperature (deg C above preindustrial),0.8,0.88319446,0.976905068,1.08068422,1.194158948,1.31693602,1.448550251,1.588443389,1.735963576,1.890377576,2.050889882,2.216664479,2.386846337,2.560580847,2.737030113,2.915385618,3.094877018,3.27477692,3.454401272,3.630878061,3.802937897,3.969343677,4.129127408,4.281552119,4.426068099,4.562270939,4.68986427,4.808627892,4.918390975,5.019009561,5.110347506,5.192259939,5.26457841,5.327096857,5.379557576,5.421636259,5.45292505,5.472912247,5.480956779,5.476254714,5.459489001,5.43394141,5.402245204,5.366495337,5.328341677,5.289067728,5.238285022,5.179165762,5.114277641,5.045685356,4.975037927,4.903644745,4.832416745,4.762072522,4.693165845,4.626111194,4.561206856,4.498655397,4.457352492,4.455101639,3.363396,3.454401272,2.634%,,2.1803908,1.001443,1.003173,3.363396,3.454401272,2.634%
97,97,97,5.1867071,0.9946767,0.9900205,Atmospheric Temperature (deg C above preindustrial),0.8,1.020270787,1.248322622,1.481350753,1.716808187,1.952428589,2.186227798,2.41649416,2.641773225,2.860849754,3.072728667,3.276615807,3.471899055,3.658130137,3.835007382,4.002359689,4.16013197,4.308372459,4.447222436,4.573748544,4.689632868,4.796408423,4.895419806,4.987813206,5.07454308,5.15638748,5.233967127,5.307765358,5.378147341,5.445377759,5.509636563,5.571032745,5.629616165,5.685387576,5.738307022,5.788300768,5.835266964,5.879080166,5.919594885,5.956648274,5.990062064,6.019643836,6.045187707,6.066474481,6.083271282,6.09533066,6.095217162,6.085303237,6.067601159,6.043810492,6.015360786,5.98345013,5.949035539,5.912915963,5.875902465,5.841067886,5.811392523,5.789724452,5.778744462,5.78098123,4.446736,4.447222436,0.011%,,5.1867071,0.9946767,0.9900205,4.446736,4.447222436,0.011%
98,98,98,2.8812538,1.0040342,0.996409,Atmospheric Temperature (deg C above preindustrial),0.8,0.924490461,1.05754676,1.198737091,1.347752674,1.504285059,1.667959948,1.838308995,2.014765953,2.19667738,2.383321048,2.573927391,2.767701116,2.963841292,3.161559322,3.360094966,3.558731523,3.756812372,3.953762774,4.146679129,4.33528081,4.519120268,4.697720248,4.870639169,5.037497898,5.197986418,5.351860517,5.498934009,5.639069377,5.772168306,5.898162787,6.017007082,6.128670575,6.233131488,6.33037134,6.420370069,6.502802765,6.577284539,6.643455551,6.700963794,6.749449328,6.788529178,6.817782063,6.83673203,6.844829784,6.841429904,6.818364794,6.779932909,6.729735024,6.670771287,6.605527785,6.536054357,6.463935079,6.39046635,6.316695398,6.243455636,6.171398619,6.101022532,6.045265813,6.020482222,3.906928,3.953762774,1.185%,,2.8812538,1.0040342,0.996409,3.906928,3.953762774,1.185%
99,99,99,1.8404368,1.0076035,1.0090027,Atmospheric Temperature (deg C above preindustrial),0.8,0.857400213,0.92868688,1.014411823,1.115374764,1.232381301,1.366027344,1.516286344,1.682758642,1.864650353,2.060785275,2.269637512,2.489373168,2.717890846,2.952852157,3.191694461,3.431617729,3.669534891,3.901968151,4.122737624,4.325354057,4.504687229,4.656533913,4.777076873,4.862281789,4.909735351,4.928220531,4.924822777,4.905232509,4.873994614,4.834714592,4.790229159,4.74274756,4.693968699,4.645178182,4.597328664,4.551106253,4.506985262,4.465273218,4.426147717,4.38968647,4.355891657,4.324709567,4.2960463,4.269780238,4.245771846,4.178842028,4.076769888,3.945806749,3.790937591,3.616105166,3.42441095,3.217589865,2.996831049,2.762802756,2.515659039,2.255022174,1.979931523,1.688743288,1.378953575,3.8067,3.901968151,2.442%,,1.8404368,1.0076035,1.0090027,3.8067,3.901968151,2.442%
100,100,100,3.0112712,0.9949953,0.9902511,Atmospheric Temperature (deg C above preindustrial),0.8,0.931075801,1.068752623,1.210649127,1.354665776,1.498986061,1.6420632,1.782600199,1.919527439,2.051979897,2.179275066,2.300892083,2.416452301,2.525701421,2.628493253,2.724775182,2.814575463,2.897992564,2.97518694,3.043891249,3.105548807,3.161429216,3.212607845,3.259968311,3.304217154,3.345904001,3.385443285,3.423135331,3.459185667,3.493722101,3.526809425,3.558461854,3.588653369,3.61732621,3.644397735,3.669765891,3.693313486,3.714911437,3.73442118,3.751696328,3.766583727,3.778923976,3.788551487,3.795294154,3.798972645,3.799399378,3.794146263,3.784558286,3.771837435,3.757076193,3.741285379,3.725632358,3.710926925,3.698021283,3.687795738,3.681145278,3.678965909,3.682141498,3.691536433,3.708016608,3.033981,2.97518694,-1.976%,,3.0112712,0.9949953,0.9902511,3.033981,2.97518694,-1.976%
101,101,101,3.6733741,1.0018289,0.9915818,Atmospheric Temperature (deg C above preindustrial),0.8,0.961511855,1.130714959,1.306331161,1.487264313,1.672511856,1.861118759,2.052157759,2.244725009,2.437943987,2.630973073,2.823014056,3.013320065,3.201202296,3.386035539,3.567263078,3.744402162,3.917052156,4.084908815,4.24509959,4.398566832,4.546004602,4.687916424,4.824658709,4.956473915,5.083516134,5.205870982,5.323571092,5.436608171,5.544942317,5.648509152,5.747225168,5.84099163,5.929697289,6.013220103,6.091428135,6.164179749,6.231323201,6.292695681,6.348121878,6.397412061,6.440359704,6.476738615,6.506299521,6.528765986,6.543829438,6.539664318,6.520130949,6.488500373,6.447530416,6.399534648,6.346445207,6.289794274,6.230853522,6.170667359,6.110083668,6.049781742,5.995198835,5.955970169,5.940692912,4.141838,4.084908815,-1.394%,,3.6733741,1.0018289,0.9915818,4.141838,4.084908815,-1.394%
